Workbook

Sheet Read me
A1: SocialUs screen inventory — 2026-10-01
A2: Source: socialus-web origin/main @ b362559 (read via git archive; working tree untouched). Production: www.socialus.org, signed out, measured at 360/390/768/1024/1280/1440/1920 px.
A3: Source column: "Code + verified in prod" = seen on production signed out. "Code" = read from code only (signed-in, owner, operator and overlay states need a sign-in).
A4: Owner view of a Page is not re-inventoried here: see owner-page-spec.md in this folder.
A5: Nothing is marked as cut. Orphaned/unrouted components are listed so every screen is accounted for, not as a recommendation.
A6: Screen sizes: 6" phone ≈ 360–430 css px · 8–11" tablet ≈ 768–1024 · 13–14" laptop ≈ 1280–1440 · 15–16" laptop ≈ 1440–1728 · 27" monitor ≈ 1920–2560.
A7: Tabs: Screens · Counts · Screen sizes · Top problems · Shared UI · Tokens · Token usage · Breakpoints · Deviations · Prod checks

Sheet Screens
A1: ID | B1: Route | C1: Screen | D1: Area | E1: Kind | F1: Host screen | G1: Screen type | H1: Who sees it | I1: Purpose | J1: Sections & controls (top to bottom) | K1: Phone layout (6") | L1: Wide layout (13–27") | M1: Breakpoints used | N1: Structure problems | O1: Files | P1: Source | Q1: Production notes
A2: S001 | B2: (any) | C2: Global not-found | D2: Public browse & detail | E2: error | G2: empty/error | H2: signed out, signed in | I2: Fallback for every notFound() above and any thrown server error | J2: Next.js built-in 404 / error page inside root layout (nav still rendered) | K2: partial | L2: partial | M2: none | N2: • No branded 404/error/loading files anywhere under src/app - every notFound() path and server error falls to framework defaults with no way back except nav | O2: (none) - no src/app/not-found.tsx, error.tsx, loading.tsx or global-error.tsx exist | P2: Code + verified in prod | Q2: Verified: Next default "404 This page could not be found." inside app nav
A3: S002 | B3: (unrouted) HomeFeed | C3: Home feed (orphaned) | D3: Public browse & detail | E3: page | G3: feed | H3: signed out, signed in | I3: Former home: events in next 30 days with filter chips - not imported by any route | J3: Mobile sticky header (logo | You or AuthCtaButtons) > fixed bottom search pill (md:hidden) > H1 'What's on near X' > filter chips All/Markets/Vendor Specials > event grid 2/3 cols (skeleton, empty) > RecruitmentGrid | K3: yes | L3: partial - md:grid-cols-3, no max-w | M3: md: | N3: • Dead code: no import of HomeFeed in src/app (grep) - and it POSTs /api/jobs/generate-market-sessions on mount (HomeFeed.tsx:42) • Uses filter pills, which Explore ruled out (BrowseSurface.tsx:7-9) | O3: src/components/HomeFeed.tsx:31-209 | P3: Code
A4: S003 | B4: (unrouted) LocalityFeed | C4: Locality feed (orphaned) | D4: Public browse & detail | E4: page | G4: feed | H4: signed out, signed in | I4: Place-scoped item feed kept for future; not rendered by any route | J4: MakeThisYoursBanner > 'Near {place}' + ScopePicker select > ItemFeedCard grid 2/3 cols or FeedEmptyState | K4: yes | L4: partial - max-w-3xl, sm:grid-cols-3 | M4: sm: | N4: • ScopePicker pushes '/?place=' (ScopePicker.tsx:27) which now redirects to /explore and drops the param - broken if re-mounted | O4: src/components/feed/LocalityFeed.tsx:15-96; src/components/feed/ScopePicker.tsx | P4: Code
A5: S004 | B5: (unrouted) LocalityFeed | C5: Locality feed - no place | D5: Public browse & detail | E5: empty | F5: (unrouted) LocalityFeed | G5: empty/error | H5: signed out, signed in | I5: 'Where are you?' card | J5: Banner > 'Where are you?' card with no control | K5: yes | L5: partial | M5: none | N5: • Says 'Pick a Place' but offers no picker - dead end (LocalityFeed.tsx:50-53) | O5: src/components/feed/LocalityFeed.tsx:46-56 | P5: Code
A6: S005 | B6: (unrouted) LocalityFeed | C6: Feed empty state | D6: Public browse & detail | E6: empty | F6: (unrouted) LocalityFeed | G6: empty/error | H6: signed out, signed in | I6: No items in locality, widen links | J6: H3 'No matches near you yet.' > hint > 'Widen to X' / 'Any Place in your state' | K6: yes | L6: partial | M6: none | N6: • Links target '/?place=' and '/?widen=state' (FeedEmptyState.tsx:20,27) which redirect to /explore and lose the param | O6: src/components/feed/FeedEmptyState.tsx:3-31 | P6: Code
A7: S006 | B7: (unrouted) RecruitmentGrid | C7: Recruitment grid (orphaned) | D7: Public browse & detail | E7: state | F7: (unrouted) HomeFeed | G7: browse/list+map | H7: signed out, signed in | I7: 'We're looking for makers in Sacramento' open-spot cards; only rendered by orphaned HomeFeed | J7: H2 'We're looking for makers in Sacramento' > featured example card > 'Open spots by category' bouncing chevron > 10 category rows each a horizontal scroller of open-spot + example cards | K7: yes | L7: partial - md: featured card side-by-side; rows always horizontal scrollers | M7: md: | N7: • Hard-coded 'Sacramento' (RecruitmentGrid.tsx:84,165) • Raw amber-*/neutral-* (RecruitmentGrid.tsx:100,103,123,127) • Unreachable (only caller HomeFeed is unrouted) | O7: src/components/RecruitmentGrid.tsx:161-201 | P7: Code
A8: S007 | B8: / | C8: Root redirect | D8: Public browse & detail | E8: redirect | G8: redirect/system | H8: signed out, signed in | I8: Home is paused; always redirects to /explore | J8: redirect('/explore') - nothing renders | K8: n/a | L8: n/a | M8: none | N8: • TopNavDesktop logo links to '/' (BottomNav.tsx:135), costing a redirect hop on every logo click instead of linking /explore • FeedEmptyState/ScopePicker still push '/?place=' and '/?widen=state' (FeedEmptyState.tsx:20,27; ScopePicker.tsx:27); the redirect drops those params | O8: src/app/page.tsx:17-19 | P8: Code + verified in prod | Q8: Verified: / redirects to /explore
A9: S008 | B9: /explore | C9: Explore / Browse (signed out) | D9: Public browse & detail | E9: page | G9: browse/list+map | H9: signed out | I9: Discover Pages and announcements in the current metro; signed-out sees Pages plus withheld announcement cards | J9: Sticky search row (sticky y, top-0 / md:top-14): Area pill (opens ScopeSheet) | Search icon toggle | Filter icon w/ active dot > 'Make this yours' banner (Sign in -> /auth/login?next=/onboarding) > sr-only live region > Result count ('N results match "q"') > CardGrid: first 4 result cards > inline List/Map toggle (NOT sticky, scrolls away) > remaining result cards (Page tiles + withheld announcement cards each with 'Sign up to see what's happening' CTA) | K9: yes - single/2-col auto-fill grid, sticky search row, bottom nav; padding-bottom reserves --nav-height | L9: partial - search row is mx-auto max-w-5xl (1024px) but results section and banner have NO max-width: CardGrid auto-fill minmax(min(100%,14rem),1fr) gives ~4 cols at 1024, ~5 at 1280, ~7+ at 1920, so results run wider than the search row above them; nothing side-by-side (map is a separate view, no list+map split at any width); top nav appears at md (768) | M9: md: (ExploreSearchBar md:top-14 md:px-6; BrowseSurface md:px-6 md:pb-24); sm: in ScopeSheet; no lg:/xl: | N9: • src/components/browse/BrowseSurface.tsx:184 MakeThisYoursBanner rendered as a bare child of <main> with no px wrapper or max-w, so the card sits edge-to-edge while every other section is px-3/md:px-6 inset • Two different sign-up CTAs on the same screen for the same action with different verbs: banner 'Sign in' (MakeThisYoursBanner.tsx:17-19) vs each withheld card 'Sign up to see what's happening' (WithheldAnnouncementCard.tsx:84, lib/copy.ts:12) - both go to /auth/login; plus every withheld card is an accent-filled button, so N primaries in the grid • List/Map toggle is not sticky and is injected after card 4 (src/components/browse/BrowseSurface.tsx:50,256-258); once scrolled past it there is no way to switch to Map without scrolling back. Comment says 4 'completes a row at both 2 and 4 columns' but CardGrid is auto-fill (CardGrid.tsx:48) so at 3/5/6 columns the toggle breaks a half-filled row • ExploreSearchBar is max-w-5xl (ExploreSearchBar.tsx:64,120) while results below are unconstrained - misaligned edges above 1024px • Raw neutral-* colours mixed with tokens: result count text-neutral-600 (BrowseSurface.tsx:211), area pill bg-neutral-100 (ExploreSearchBar.tsx:81), input border-neutral-300 (ExploreSearchBar.tsx:138) • Inconsistent naming of the place concept: pill aria 'Area: X', sheet 'Choose your area', region 'Results in X', banner 'home locality' (MakeThisYoursBanner.tsx:14), metro elsewhere | O9: src/app/explore/page.tsx:20-33; src/app/explore/load.ts:56-148; src/components/browse/BrowseSurface.tsx:168-298; src/components/explore/ExploreSearchBar.tsx:59-152; src/components/feed/MakeThisYoursBanner.tsx; src/components/browse/BrowseResultCard.tsx; src/components/browse/WithheldAnnouncementCard.tsx; src/components/cards/CardGrid.tsx | P9: Code + verified in prod | Q9: Verified 360–1920: no h1; sticky area bar (61px) under sticky desktop nav; "Make this yours" sign-in banner; "7 results in Sacramento-Roseville, CA" then "7 results" again; grid 1 col@360, 3@768, 4@1024, 5@1280–1440, 7@1920 while the search bar caps at 1024px; List/Map toggle sits 1769px down @390 and 586px down @1440, not sticky; area pill 32px tall (<44)
A10: S009 | B10: /explore | C10: Explore (signed in) - Following row | D10: Public browse & detail | E10: state | F10: /explore | G10: browse/list+map | H10: signed in, follower, member | I10: Signed-in variant: no banner, adds horizontally-scrolling 'Announcements from Pages you follow' row above results; announcements returned in full | J10: Sticky search row > (no banner) > 'Announcements from Pages you follow' heading + horizontal snap carousel of cards (only when non-empty) > result count > grid w/ inline List/Map toggle after card 4 > rest of grid | K10: yes - carousel cards w-[min(78vw,20rem)] | L10: partial - carousel stays a single horizontal scroller at every width even when there is room for a grid; same unconstrained width as base page | M10: md: (FollowingRow md:-mx-6 md:px-6) | N10: • FollowingRow.tsx:45 horizontal scroller at all widths - on a 1440px screen a few 320px cards sit in a scroll strip with no scroll affordance/arrows • Following row heading is text-sm (FollowingRow.tsx:40) while there is no heading at all for the main results - hierarchy is inverted / main list has no visible title • Signed-in-with-no-follows sees no row and no hint that following is possible (FollowingRow.tsx:32 returns null) | O10: src/components/browse/BrowseSurface.tsx:183-193; src/components/browse/FollowingRow.tsx:33-58; src/app/explore/load.ts:85-87,186-205 | P10: Code
A11: S010 | B11: /explore | C11: Explore search expanded | D11: Public browse & detail | E11: state | F11: /explore | G11: browse/list+map | H11: signed out, signed in | I11: Tapping search icon expands a full-width input row under the sticky bar | J11: Sticky row: Area pill | Search (aria-expanded) | Filters > second sticky row: search input 'Search Pages and posts' with X (clears AND collapses) | K11: yes | L11: partial - input capped at max-w-5xl | M11: md: | N11: • Clear button (X) both clears the query and collapses the input (ExploreSearchBar.tsx:51-55,140-147) - no way to clear without losing the field • Search toggle icon remains visible when expanded so there are two controls that collapse search (icon and X) | O11: src/components/explore/ExploreSearchBar.tsx:43,88-150 | P11: Code
A12: S011 | B12: /explore | C12: Explore loading fallback | D12: Public browse & detail | E12: state | F12: /explore | G12: empty/error | H12: signed out, signed in | I12: Suspense fallback 'Loading…' while BrowseSurface (useSearchParams) suspends | J12: Plain 'Loading…' text, p-4 | K12: yes (bare text) | L12: no - unstyled text top-left | M12: none | N12: • No loading.tsx for /explore; page awaits loadBrowse() (page.tsx:26) BEFORE the Suspense boundary, so the server wait shows nothing and the fallback is effectively never seen; no skeleton | O12: src/app/explore/page.tsx:29 | P12: Code
A13: S012 | B13: /explore | C13: Explore map view | D13: Public browse & detail | E13: state | F13: /explore | G13: browse/list+map | H13: signed out, signed in | I13: Mapbox map of grouped pins for current results | J13: Sticky search row > banner/following row (still above) > result-count NOT shown > map h-[70vh] rounded > List/Map toggle BELOW the map | K13: yes - 70vh map, toggle below | L13: partial - map stretches full viewport width (no max-w); no side list; same single-column at all widths | M13: md: (md:px-6) | N13: • Toggle position flips: in list view it is mid-grid after card 4, in map view it is under the map (src/components/browse/BrowseSurface.tsx:256-258 vs 276) - control jumps location between views • View state is not in URL (src/components/browse/BrowseSurface.tsx:62-63) - back/refresh always returns to List • No list+map side-by-side on wide screens despite lots of horizontal room • Map view drops the result count, so the user loses '0 results' feedback when pins are empty | O13: src/components/browse/BrowseSurface.tsx:269-277; src/components/browse/BrowseMap.tsx:23-115 | P13: Code
A14: S013 | B14: /explore | C14: Map pin popup | D14: Public browse & detail | E14: state | F14: /explore | G14: browse/list+map | H14: signed out, signed in | I14: Card overlay on map listing up to 3 results at a pin | J14: Pin name > up to 3 lines (post body or description) > 'N more here' > 'Open Page' link | Close | K14: yes - absolute bottom-4 inset-x-4 | L14: partial - stretches full map width (left-4 right-4) with no max width | M14: none | N14: • Popup lists posts but only offers 'Open Page' - individual posts not linkable (BrowseMap.tsx:83-103) • Raw border-neutral-200 (BrowseMap.tsx:77) • Not a dialog, no Escape handling; pin markers are divs with click only (no keyboard access) BrowseMap.tsx:56-62 | O14: src/components/browse/BrowseMap.tsx:74-113 | P14: Code
A15: S014 | B15: /explore | C15: Metro not covered panel (signed out) | D15: Public browse & detail | E15: state | F15: /explore | G15: form/wizard | H15: signed out | I15: Explains SocialUs isn't in that metro, shows example cards, collects email for waitlist | J15: '← All areas' back link > H2 'SocialUs isn't running in {metro} yet' + explainer > ExampleBlock (dashed box, 4 fake cards) > 'Tell us you're here' box: role radios > email input > purpose note > 'Count me in' (btn-primary) > 'Or sign in, if you already have an account' > error | K15: yes - inside bottom sheet | L15: yes - inside sm+ centered max-w-md modal; ExampleBlock compact grid ~2 cols | M15: sm: (inherited from ScopeSheet) | N15: • Long form + 4-card example grid crammed in a max-h-[75vh] sheet (ScopeSheet.tsx:101) - the primary 'Count me in' is below the fold on phones • Example block comes BEFORE the action; order puts decoration between the question and the form | O15: src/components/explore/MetroNotCoveredPanel.tsx:161-259 (signed-out branch 193-235); src/components/cards/ExampleBlock.tsx | P15: Code + verified in prod | Q15: Verified 360–1920: no h1; sticky area bar (61px) under sticky desktop nav; "Make this yours" sign-in banner; "7 results in Sacramento-Roseville, CA" then "7 results" again; grid 1 col@360, 3@768, 4@1024, 5@1280–1440, 7@1920 while the search bar caps at 1024px; List/Map toggle sits 1769px down @390 and 586px down @1440, not sticky; area pill 32px tall (<44)
A16: S015 | B16: /explore | C16: Metro not covered panel (signed in) | D16: Public browse & detail | E16: state | F16: /explore | G16: form/wizard | H16: signed in | I16: Signed-in variant: role radios + 'Count me in' only (no email); joined confirmation | J16: '← All areas' > heading + explainer > ExampleBlock > 'Tell us you're here': role radios > 'Count me in' > (after) 'Done — you're counted in {metro}.' | K16: yes | L16: yes - in modal | M16: sm: | N16: • After joining, no CTA back to browsing - only the small '← All areas' link (MetroNotCoveredPanel.tsx:164-170) | O16: src/components/explore/MetroNotCoveredPanel.tsx:236-240,89-102 | P16: Code
A17: S016 | B17: /explore | C17: Filter sheet | D17: Public browse & detail | E17: sheet | F17: /explore | G17: browse/list+map | H17: signed out, signed in | I17: Schedule radio pills + tag checkboxes, committed on 'Show results' | J17: Header: X close | 'Filters' | 'Clear all' (when draft active, commits immediately) > Schedule group (pill radios) > Tags group (only if tags exist) > Footer: 'Show results' full-width | K17: yes - bottom sheet max-h-70vh, safe-area padding | L17: yes - md+ becomes floating panel right-4 top-28 w-96 | M17: md: | N17: • 'Clear all' commits and closes immediately (ExploreFilterSheet.tsx:144-147) while every other change is a draft - inconsistent commit model • Footer button says 'Show results' with no count • Sheet breakpoint is md: while ScopeSheet on same screen switches at sm: (ScopeSheet.tsx:97,101) - the two overlays change shape at different widths | O17: src/components/explore/ExploreFilterSheet.tsx:112-211 | P17: Code
A18: S017 | B18: /explore | C18: Scope sheet - Choose your area | D18: Public browse & detail | E18: sheet | F18: /explore | G18: browse/list+map | H18: signed out, signed in | I18: Pick which metro Explore shows; uncovered metros open MetroNotCoveredPanel | J18: Title 'Choose your area' > search input 'Search areas' > 'Where SocialUs is running' list (current marked 'Showing') > 'Not covered yet' heading + explainer > up to 40 not-yet rows 'Not yet →' > 'N more — search to narrow' | K18: yes - bottom sheet max-h-75vh scrolls | L18: yes - sm+ centered modal max-w-md | M18: sm: | N18: • No visible close button; only an invisible full-screen backdrop <button aria-label='Close'> (ScopeSheet.tsx:98) - no Escape key, no focus trap, no body scroll lock, unlike ExploreFilterSheet • Stale comment says not-covered rows are 'not tappable' (ScopeSheet.tsx:129-130) but they are buttons (81-93); explainer copy 'you can't browse them yet' sits above tappable rows • Raw text-neutral-500 headings (ScopeSheet.tsx:120,131) • Uses sm: breakpoint while sibling filter sheet uses md: | O18: src/components/explore/ScopeSheet.tsx:96-152 | P18: Code
A19: S018 | B19: /explore | C19: Metro standing dialog | D19: Public browse & detail | E19: modal | F19: /explore | G19: dashboard/manage | H19: signed out, signed in | I19: After waitlist join, shows count 'N of target' and message | J19: Title (metro name) > big count 'N of T' (if known) > message > 'Got it' button | K19: yes - fixed inset-x-4 centered | L19: yes - md: w-96 centered | M19: md: | N19: • Modal stacked on top of the ScopeSheet modal (z-50 over z-50) - two modals deep • Raw text-neutral-600 (MetroStandingDialog.tsx:76,80) • Escape handler only on dialog onKeyDown; no focus trap | O19: src/components/metro/MetroStandingDialog.tsx:50-92 | P19: Code
A20: S019 | B20: /explore | C20: Explore - no area resolvable | D20: Public browse & detail | E20: empty | F20: /explore | G20: empty/error | H20: signed out, signed in | I20: When no metro can be resolved, all controls are hidden and a card asks to choose an area | J20: Card: 'We don't know which area to show you yet.' > 'Choose your area' underline button (opens ScopeSheet) | K20: yes | L20: partial - mx-auto max-w-xl centered card | M20: md: (md:px-6 md:pb-24) | N20: • Search bar, filters and banner are removed entirely in this state, so the only header is the global nav; the area control moves from top pill to a body link - inconsistent location for the same control | O20: src/components/browse/BrowseSurface.tsx:140-166; src/app/explore/load.ts:79-81 | P20: Code
A21: S020 | B21: /explore | C21: Explore - no results | D21: Public browse & detail | E21: empty | F21: /explore | G21: empty/error | H21: signed out, signed in | I21: Search/filters/metro yield nothing | J21: Result count '0 results' > 'Nothing here yet — try another filter' > 'Clear filters' (underline) > 'Or look at another area' (muted underline, opens ScopeSheet) > List/Map toggle | K21: yes | L21: partial - text centered in unconstrained section | M21: md: | N21: • 'Clear filters' shown even when no filters/query are active (no hasBrowseFilters/query check at src/components/browse/BrowseSurface.tsx:228-234) - for an empty metro it is a no-op • Copy mismatch: empty says 'try another filter' but filters live behind an icon with no label | O21: src/components/browse/BrowseSurface.tsx:220-247,267 | P21: Code
A22: S021 | B22: /explore | C22: Explore - load error | D22: Public browse & detail | E22: error | F22: /explore | G22: empty/error | H22: signed out, signed in | I22: Feed RPC failed or metro switch action failed | J22: Sticky search row > result count '0 results' > 'We couldn't load {metro} just now. Try again in a moment.' > List/Map toggle | K22: yes | L22: partial - same unconstrained width | M22: md: | N22: • No retry button - message says 'Try again' but offers no control (src/components/browse/BrowseSurface.tsx:217-219); dead end other than reload • Result count '0 results' still renders above the error (src/components/browse/BrowseSurface.tsx:211-214), contradicting it • List/Map toggle still renders under the error (src/components/browse/BrowseSurface.tsx:267) | O22: src/components/browse/BrowseSurface.tsx:216-219; src/app/explore/load.ts:131-146; src/components/browse/BrowseSurface.tsx:85-92 | P22: Code
A23: S022 | B23: /following | C23: Following (legacy vendors list) | D23: Public browse & detail | E23: page | G23: feed | H23: signed in | I23: Lists vendors the user follows with next market date | J23: H1 'Following' > list rows: thumbnail (links /vendors/slug) | name, tagline, 'Next: market · date' | Follow/Following pill | K23: yes | L23: partial - max-w-3xl centered single column | M23: md: (md:px-6) | N23: • UNREACHABLE: next.config.ts:9 redirects /following -> /you/following before this page renders (verified in prod); file is dead code reading retired tables and linking to /vendors/* (no route) • Reads legacy 'follows'/'businesses'/'markets' tables (src/app/following/page.tsx:40-55) that HomeFeed.tsx:82-85 states do not exist - page is effectively always empty • Links to /vendors/{slug} (src/app/following/page.tsx:130,140) but there is no app/vendors route - 404 dead ends • Duplicates /you/following (src/app/you/following exists); BottomNav maps /following to the You tab (BottomNav.tsx:14) but nothing links here • Vendor/market vocabulary ('vendors', 'market') conflicts with Page/announcement vocabulary used on Explore • Raw neutral-*/amber-100 colours (src/app/following/page.tsx:128,131,151) | O23: src/app/following/page.tsx:25-163; src/components/FollowButton.tsx | P23: Code
A24: S023 | B24: /following | C24: Following - signed out | D24: Public browse & detail | E24: state | F24: /following | G24: auth | H24: signed out | I24: Gate asking to sign in | J24: H1 'Following' > 'Sign up to follow vendors…' > 'Sign in' button | K24: yes | L24: partial - max-w-md centered | M24: none | N24: • UNREACHABLE: next.config.ts:9 redirects /following -> /you/following before this page renders (verified in prod); file is dead code reading retired tables and linking to /vendors/* (no route) • Body says 'Sign up' but button says 'Sign in' (src/app/following/page.tsx:90,95) • Button uses rounded-md accent (not btn-primary) - inconsistent primary style (src/app/following/page.tsx:93) | O24: src/app/following/page.tsx:86-99 | P24: Code
A25: S024 | B25: /following | C25: Following - loading | D25: Public browse & detail | E25: state | F25: /following | G25: empty/error | H25: signed in | I25: Client fetch in progress | J25: H1 > 'Loading…' text | K25: yes | L25: partial | M25: md: | N25: • UNREACHABLE: next.config.ts:9 redirects /following -> /you/following before this page renders (verified in prod); file is dead code reading retired tables and linking to /vendors/* (no route) • Before auth resolves (authed===null) the signed-in shell renders, then may flip to the signed-out gate - layout flash (src/app/following/page.tsx:28,86) | O25: src/app/following/page.tsx:107 | P25: Code
A26: S025 | B26: /following | C26: Follow toast | D26: Public browse & detail | E26: state | F26: /following | G26: redirect/system | H26: signed in | I26: Transient 'Following X' / error toast | J26: Fixed pill bottom-20 centered | K26: yes | L26: yes | M26: none | N26: • Toast uses raw bg-zinc-800 (Toast.tsx:24) while ReportControl confirmation uses charcoal token - two toast styles | O26: src/components/FollowButton.tsx:103; src/components/Toast.tsx:24 | P26: Code
A27: S026 | B27: /following | C27: Auth gate modal (Follow) | D27: Public browse & detail | E27: modal | F27: /following | G27: auth | H27: signed out | I27: Sign-up prompt when a signed-out user taps Follow | J27: X close > H3 headline 'Sign up to follow {vendor}' > subtext > 'Sign in' btn-primary > 'We email you a link — no password' > divider > 'Are you a business owner? List your business →' (/join) | K27: yes - bottom aligned | L27: yes - md: centered max-w-sm | M27: md: | N27: • Effectively unreachable: its only caller FollowButton renders only inside signed-in /following rows (following/page.tsx:86-99 returns the gate first) • Headline says 'Sign up' but button says 'Sign in' (AuthGateModal.tsx:41,49) • No role=dialog/aria-modal (AuthGateModal.tsx:23-28) so NavVisibilityProvider does not treat it as an overlay • 'no password' contradicts /join step 1 'Email and password' (join/page.tsx:102) | O27: src/components/AuthGateModal.tsx:17-63; src/components/FollowButton.tsx:46-49,105-111 | P27: Code
A28: S027 | B28: /following | C28: Following - empty | D28: Public browse & detail | E28: empty | F28: /following | G28: empty/error | H28: signed in | I28: No follows | J28: H1 > 'You're not following anyone yet.' > 'Browse vendors' link -> /explore | K28: yes | L28: partial - max-w-3xl | M28: md: | N28: • UNREACHABLE: next.config.ts:9 redirects /following -> /you/following before this page renders (verified in prod); file is dead code reading retired tables and linking to /vendors/* (no route) • Empty <ul> still rendered beneath (src/app/following/page.tsx:118) | O28: src/app/following/page.tsx:109-116 | P28: Code
A29: S028 | B29: /g/[handle] | C29: Page (signed out) | D29: Public browse & detail | E29: page | G29: detail | H29: signed out | I29: Public Page for a business/group; signed-out gets withheld announcement summary | J29: Header row: H1 name | badge | ⋯ (Report -> sign-in link) > founder > placement > description > social links > 'Sign in to follow' (btn-primary) > Announcements: withheld card ('N announcements this week', details-for-members copy, 'Sign up to see what's happening' accent button) > 'Products & services' plain-text rows | K29: yes | L29: partial - max-w-3xl centered single column; no responsive prefixes in the page body | M29: none in page body (overlays use md:) | N29: • Two competing primaries for the same sign-in: 'Sign in to follow' btn-primary (src/components/group/ShopPublicPage.tsx:215, FollowPageButton.tsx:44) and 'Sign up to see what's happening' accent button (WithheldPagePosts.tsx:60) - different verbs, same /auth/login • The Page photo is never rendered: photoUrl is computed (src/components/group/ShopPublicPage.tsx:69-76) but only used for the owner hidden-photo notice - visitors see no image • Products & services rows are plain text, not links (src/components/group/ShopPublicPage.tsx:276-278) - dead ends; item detail pages unreachable from their Page • Report (⋯) sits in the title row before Follow (src/components/group/ShopPublicPage.tsx:117) - a moderation control is more prominent than the main action • Raw gray-* colours (src/components/group/ShopPublicPage.tsx:152,167,182,188,265,267) • Terminology: component/empty copy says 'Shop' ('This Shop', ShopPublicPage.tsx:269) while the product calls it a Page | O29: src/app/g/[handle]/page.tsx:39-65; src/components/group/ShopPublicPage.tsx:58-285; src/components/group/WithheldPagePosts.tsx:28-69; src/components/group/FollowPageButton.tsx:41-48 | P29: Code + verified in prod | Q29: Verified 390/1440/1920 (The Good Loaf, Folsom Lake Floaters): 768px column at every width (40% of 1920); "Sign in to follow"; Products & services are plain text (no item links in HTML)
A30: S029 | B30: /g/[handle] | C30: Page (signed in, not following) | D30: Public browse & detail | E30: state | F30: /g/[handle] | G30: detail | H30: signed in | I30: Signed-in visitor: Follow button; full announcements list (RLS decides which are visible) | J30: Header row: H1 Page name | local-owner badge | ⋯ overflow (ml-auto) > founder (avatar+name, links /m/ only if published) > placement label > description > social links > Follow button > Announcements > 'Products & services' list (Follow btn-primary) > Announcements list: body, when·where, Add to calendar, posted date (hidden entirely if none visible) | K30: yes | L30: partial - max-w-3xl | M30: none | N30: • Announcements section disappears entirely when empty for visitors (PagePosts.tsx:133) so section order shifts between Pages • Which follower-only posts a signed-in non-follower sees is decided by RLS - unclear from code whether a 'followers only' hint is shown (none found in PagePosts) • Raw text-gray-500 post date (PagePosts.tsx:409) | O30: src/components/group/ShopPublicPage.tsx:215-258; src/components/group/PagePosts.tsx:133,270-434 | P30: Code
A31: S030 | B31: /g/[handle] | C31: Page (follower) | D31: Public browse & detail | E31: state | F31: /g/[handle] | G31: detail | H31: follower | I31: Viewer follows: 'Following' outline button; toggles to unfollow on tap | J31: Header row: H1 Page name | local-owner badge | ⋯ overflow (ml-auto) > founder (avatar+name, links /m/ only if published) > placement label > description > social links > Follow button > Announcements > 'Products & services' list ('Following' outline button) > Announcements (incl. follower-audience posts per RLS) | K31: yes | L31: partial - max-w-3xl | M31: none | N31: • Tapping 'Following' unfollows immediately with no confirm (FollowPageButton.tsx:49-57) | O31: src/components/group/ShopPublicPage.tsx:215-223; src/components/group/FollowPageButton.tsx:65-79 | P31: Code
A32: S031 | B32: /g/[handle] | C32: Page (member, private Page) | D32: Public browse & detail | E32: state | F32: /g/[handle] | G32: detail | H32: member | I32: Private-discoverability Page: button reads Join/Joined | J32: Header row: H1 Page name | local-owner badge | ⋯ overflow (ml-auto) > founder (avatar+name, links /m/ only if published) > placement label > description > social links > Follow button > Announcements > 'Products & services' list ('Join' / 'Joined' button; signed-out 'Sign in to join') | K32: yes | L32: partial | M32: none | N32: • Same control is 'Follow' or 'Join' depending on discoverability (FollowPageButton.tsx:37-38) with no explanation of the difference | O32: src/components/group/FollowPageButton.tsx:37-38 | P32: Code
A33: S032 | B33: /g/[handle] | C33: Report sent confirmation | D33: Public browse & detail | E33: state | F33: /g/[handle] | G33: redirect/system | H33: signed in | I33: Fixed bottom toast after report | J33: Charcoal pill: thank-you text + 'Dismiss' | K33: yes - fixed bottom-20 above nav | L33: yes - md: centered w-96 | M33: md: | N33: • Does not auto-dismiss; differs from Toast.tsx style (zinc-800, auto-hide) | O33: src/components/group/ReportControl.tsx:83-101 | P33: Code
A34: S033 | B34: /g/[handle] | C34: g/[handle] owner view — see owner-page-spec.md | D34: Public browse & detail | E34: state | F34: /g/[handle] | G34: dashboard/manage | H34: owner | I34: Documented elsewhere | J34: see owner-page-spec.md | K34: see owner-page-spec.md | L34: see owner-page-spec.md | M34: see owner-page-spec.md | O34: src/components/group/ShopPublicPage.tsx | P34: Code
A35: S034 | B35: /g/[handle] | C35: Page overflow menu | D35: Public browse & detail | E35: drawer | F35: /g/[handle] | G35: detail | H35: signed out, signed in, follower, member | I35: ⋯ dropdown with single item 'Report to the operator' | J35: Menu (absolute right-0): 'Report to the operator' (signed out: link to sign-in) | K35: yes | L35: yes | M35: none | N35: • A menu with exactly one item - extra tap for a single action • 'operator' is internal vocabulary in a user-facing label (ReportControl.tsx:61) | O35: src/components/group/PageOverflowMenu.tsx:47-100; src/components/group/ReportControl.tsx:57-64 | P35: Code
A36: S035 | B36: /g/[handle] | C36: Report sheet | D36: Public browse & detail | E36: sheet | F36: /g/[handle] | G36: form/wizard | H36: signed in, follower, member | I36: Free-text report to a person | J36: Header: X | 'Report {Page}' > 'This goes to a person, not a queue.' > 'What's wrong?' textarea > error > footer 'Send' | K36: yes - bottom sheet | L36: yes - md: centered w-[28rem] top-24 | M36: md: | N36: • Close X on the left and title next to it - same pattern as filter sheet, but ScopeSheet has no X at all (inconsistent sheet chrome) | O36: src/components/group/ReportSheet.tsx:85-174 | P36: Code
A37: S036 | B37: /g/[handle] | C37: Page - nothing listed | D37: Public browse & detail | E37: empty | F37: /g/[handle] | G37: empty/error | H37: signed out, signed in, follower, member | I37: Page has no items | J37: 'Products & services' > dashed box 'Nothing listed yet' + '{founder} hasn't listed anything yet — check back soon.' | K37: yes | L37: partial | M37: none | N37: • Empty items section always shown to visitors while empty Announcements is hidden (PagePosts.tsx:133) - inconsistent empty-section policy • Raw gray-* (src/components/group/ShopPublicPage.tsx:265,267) | O37: src/components/group/ShopPublicPage.tsx:262-273 | P37: Code
A38: S037 | B38: /g/[handle] | C38: Page not found | D38: Public browse & detail | E38: error | F38: /g/[handle] | G38: empty/error | H38: signed out, signed in | I38: Unknown/draft (non-owner) handle -> notFound() | J38: Next default 404 | K38: partial | L38: partial | M38: none | N38: • Default Next 404 | O38: src/app/g/[handle]/page.tsx:43-44 | P38: Code + verified in prod | Q38: Verified /g/nope-123: default 404
A39: S038 | B39: /g/[handle] | C39: Page stale-handle redirect | D39: Public browse & detail | E39: redirect | G39: redirect/system | H39: signed out, signed in | I39: Non-canonical handle 308s to canonical /g/<slug>-<id> | J39: permanentRedirect(found.redirectTo) | K39: n/a | L39: n/a | M39: none | O39: src/app/g/[handle]/page.tsx:43-45 | P39: Code
A40: S039 | B40: /join | C40: Join - vendor pitch (signed out) | D40: Public browse & detail | E40: page | G40: form/wizard | H40: signed out | I40: Marketing page recruiting farmers-market vendors | J40: Hero: eyebrow 'For vendors' > H1 'Sell at a farmers market? Get listed.' > lede > CTAs: 'Sign up as a vendor →' (primary) + 'Already a member? Log in' (secondary) > Why: 3 benefit cards > How it works: 4 numbered steps > 'Start my listing →' > Share with another vendor: URL + 'Copy link' | K40: yes - stacked, CTAs column | L40: partial - max-w-3xl centered; benefits md:grid-cols-3; CTAs sm:flex-row; no side-by-side layout beyond that | M40: sm:, md: | N40: • Both hero CTAs go to the identical URL for signed-out users (src/app/join/page.tsx:40,64,71) - 'Sign up' and 'Log in' are the same action • Three differently-worded primaries for one action on one page: 'Sign up as a vendor →', 'Start my listing →', (signed-in) 'List my booth →' (src/app/join/page.tsx:67,125) • Step 1 claims 'Email and password' (src/app/join/page.tsx:102) while AuthGateModal says no password / magic link • Vendor/farmers-market framing and claims 'in the feed, the map, searchable by product' (src/app/join/page.tsx:53-56,111) describe the retired vendor model, not Pages • Not reachable from main nav; only linked from orphaned RecruitmentGrid and unreachable AuthGateModal • Raw neutral-* everywhere (src/app/join/page.tsx:54,57,72,81,...) | O40: src/app/join/page.tsx:24-156 | P40: Code + verified in prod | Q40: Verified 390/1440: column 768px at all widths (53% of 1440); "Sign up as a vendor" and "Already a member? Log in" both go to /auth/login; copy says "vendor"
A41: S040 | B41: /join | C41: Join - signed in | D41: Public browse & detail | E41: state | F41: /join | G41: form/wizard | H41: signed in | I41: Signed-in variant: CTAs read 'List my booth →' and go to /you; secondary hidden | J41: Same as signed-out, single CTA 'List my booth →' x2 | K41: yes | L41: partial | M41: sm:, md: | N41: • authed starts null so signed-out labels render first then swap (src/app/join/page.tsx:27,40,67) - CTA text flash | O41: src/app/join/page.tsx:40,67-76,125 | P41: Code
A42: S041 | B42: /m/[handle] | C42: Member profile (visitor) | D42: Public browse & detail | E42: page | G42: detail | H42: signed out, signed in, follower | I42: Public profile of a person: identity, follow, their items, groups | J42: Header: avatar | name, @handle · pronouns > bio > Follow / Following (signed-out Follow is a link to /auth/login) > 'Posts' list (title + kind label, brand) > 'Groups' chips | K42: yes | L42: partial - max-w-3xl centered single column | M42: none | N42: • 'Groups' chips are plain spans, not links (src/components/member/MemberPublicPage.tsx:102) - dead end to the member's Pages • Section titled 'Posts' lists Items (product/service/gathering) (src/components/member/MemberPublicPage.tsx:71) while elsewhere 'posts' means Page announcements • 'Groups' vs 'Pages' terminology clash (src/components/member/MemberPublicPage.tsx:98) • Raw gray-* throughout (src/components/member/MemberPublicPage.tsx:38,41,48,75,84,85,88); FollowMemberButton error text-red-600 (FollowMemberButton.tsx:78) • Signed-out Follow is styled as the primary button but is a sign-in link with no indication (FollowMemberButton.tsx:36-43) • No responsive prefixes at all | O42: src/app/m/[handle]/page.tsx:45-74; src/components/member/MemberPublicPage.tsx:18-110; src/components/member/FollowMemberButton.tsx | P42: Code
A43: S042 | B43: /m/[handle] | C43: Member profile - self view | D43: Public browse & detail | E43: state | F43: /m/[handle] | G43: detail | H43: signed in | I43: Viewer is the member: 'Edit profile' instead of Follow | J43: Same as visitor with 'Edit profile' (btn-secondary -> /you) | K43: yes | L43: partial | M43: none | N43: • 'Edit profile' goes to /you, not a profile editor (src/components/member/MemberPublicPage.tsx:54) | O43: src/components/member/MemberPublicPage.tsx:52-58 | P43: Code
A44: S043 | B44: /m/[handle] | C44: Member profile - nothing posted | D44: Public browse & detail | E44: empty | F44: /m/[handle] | G44: empty/error | H44: signed out, signed in | I44: Member has no items | J44: Dashed box 'Nothing posted yet.' | K44: yes | L44: partial | M44: none | N44: • Raw border-gray-300 text-gray-500 (src/components/member/MemberPublicPage.tsx:75) | O44: src/components/member/MemberPublicPage.tsx:72-77 | P44: Code
A45: S044 | B45: /m/[handle] | C45: Private profile tombstone | D45: Public browse & detail | E45: error | F45: /m/[handle] | G45: empty/error | H45: signed in | I45: Signed-in viewer hits a private member | J45: H1 'This member's profile is private.' > explainer | K45: yes | L45: partial - max-w-md centered | M45: none | N45: • Dead end: no link back/onwards (page.tsx:63-70) • Raw neutral-* (page.tsx:65-66) | O45: src/app/m/[handle]/page.tsx:62-71 | P45: Code
A46: S045 | B46: /m/[handle] | C46: Member not found | D46: Public browse & detail | E46: error | F46: /m/[handle] | G46: empty/error | H46: signed out, signed in | I46: Unknown or non-public member -> notFound() | J46: Next.js default 404 (no not-found.tsx in app/) | K46: partial | L46: partial | M46: none | N46: • No custom not-found.tsx anywhere in src/app - default unstyled Next 404 | O46: src/app/m/[handle]/page.tsx:58-60 | P46: Code + verified in prod | Q46: Verified /m/nope: default 404
A47: S046 | B47: /m/[handle]/e/[slug] | C47: Member-hosted gathering | D47: Public browse & detail | E47: page | G47: detail | H47: signed out, signed in | I47: Event/gathering detail hosted by an individual | J47: H1 title > (no 'Hosted by' - groupHref null) > next occurrence + recurrence > description > 'Where' box > Cost / Capacity dl (2 cols) > What to bring > 'Share link' (btn-secondary) + 'Add to calendar' | K47: yes | L47: partial - max-w-2xl centered single column; no media/side column at any width | M47: none (Gathering dl is fixed grid-cols-2) | N47: • No attribution/back-link to the member for member-hosted items: groupHref=null and the component only renders attribution for kind 'group' - dead end with no way to reach /m/[handle] • No primary action at all (no contact/buy/RSVP/follow) - detail page ends with nothing to do • Null price/cost renders 'Free' (ProductPublicPage.tsx:22, ServicePublicPage.tsx:26, GatheringPublicPage.tsx:28) - 'not set' and 'free' are indistinguishable • Raw border-neutral-200 on info boxes | O47: src/app/m/[handle]/e/[slug]/page.tsx:42-57; src/components/item/GatheringPublicPage.tsx:40-155 | P47: Code
A48: S047 | B48: /m/[handle]/p/[slug] | C48: Member product | D48: Public browse & detail | E48: page | G48: detail | H48: signed out, signed in | I48: Product detail sold by an individual | J48: Photo (first only) > H1 title > price > (no 'Sold by') > 'Locally Made' badge > description > 'Pickup point' box | K48: yes | L48: partial - max-w-2xl centered single column; no media/side column at any width | M48: none (Gathering dl is fixed grid-cols-2) | N48: • No attribution/back-link to the member for member-hosted items: groupHref=null and the component only renders attribution for kind 'group' - dead end with no way to reach /m/[handle] • No primary action at all (no contact/buy/RSVP/follow) - detail page ends with nothing to do; no Share button either, unlike GatheringPublicPage • Null price/cost renders 'Free' (ProductPublicPage.tsx:22, ServicePublicPage.tsx:26, GatheringPublicPage.tsx:28) - 'not set' and 'free' are indistinguishable • Raw border-neutral-200 on info boxes | O48: src/app/m/[handle]/p/[slug]/page.tsx:30-39; src/components/item/ProductPublicPage.tsx:31-109 | P48: Code
A49: S048 | B49: /m/[handle]/s/[slug] | C49: Member service | D49: Public browse & detail | E49: page | G49: detail | H49: signed out, signed in | I49: Service detail offered by an individual | J49: H1 title > rate (or 'Request a quote') > (no 'Offered by') > description > 'Service area' box | K49: yes | L49: partial - max-w-2xl centered single column; no media/side column at any width | M49: none (Gathering dl is fixed grid-cols-2) | N49: • No attribution/back-link to the member for member-hosted items: groupHref=null and the component only renders attribution for kind 'group' - dead end with no way to reach /m/[handle] • No primary action at all (no contact/buy/RSVP/follow) - detail page ends with nothing to do; no Share button either, unlike GatheringPublicPage • 'Request a quote' is shown as the price text (ServicePublicPage.tsx:25) but there is no request control • Raw border-neutral-200 on info boxes | O49: src/app/m/[handle]/s/[slug]/page.tsx:30-39; src/components/item/ServicePublicPage.tsx:37-94 | P49: Code
A50: S049 | B50: /m/[handle]/{e,p,s}/[slug] | C50: Member item not found | D50: Public browse & detail | E50: error | F50: /m/[handle]/* | G50: empty/error | H50: signed out, signed in | I50: Unknown/unpublished item -> notFound() | J50: Next default 404 | K50: partial | L50: partial | M50: none | N50: • Default Next 404, no nav-aware not-found page | O50: src/app/m/[handle]/e/[slug]/page.tsx:46-48; p/[slug]/page.tsx:34-36; s/[slug]/page.tsx:34-36 | P50: Code
A51: S050 | B51: /p/[...place] | C51: Place landing (placeholder) | D51: Public browse & detail | E51: page | G51: dev | H51: signed out, signed in | I51: Bare place path (state/city/neighbourhood) - shows breadcrumb, name, kind and a dev placeholder | J51: Breadcrumb (blue links) > H1 place name > raw kind string (e.g. 'city') > dashed box: 'The curated landing for this place ships at b2 (places.md § T2)…' | K51: yes | L51: partial - max-w-4xl centered, no content | M51: none | N51: • Developer placeholder copy shown to the public (src/app/p/[...slug]/page.tsx:332-337) - references internal spec file • Raw enum value rendered as subtitle (src/app/p/[...slug]/page.tsx:326-328) • Breadcrumb uses text-blue-600 (place-breadcrumb.tsx:45) - off-palette, raw gray-* (src/app/p/[...slug]/page.tsx:326,332) • Dead end - no content, no links besides breadcrumb | O51: src/app/p/[...slug]/page.tsx:312-340; src/components/place-breadcrumb.tsx | P51: Code
A52: S051 | B52: /p/[...place] | C52: Place not found | D52: Public browse & detail | E52: error | F52: /p/[...place] | G52: empty/error | H52: signed out, signed in | I52: Unresolvable place path | J52: Next default 404 | K52: partial | L52: partial | M52: none | N52: • Default 404 | O52: src/app/p/[...slug]/page.tsx:314-316 | P52: Code + verified in prod | Q52: Verified /p/us and /p/us/ca: 404
A53: S052 | B53: /p/[...place]/g/[group] | C53: Legacy Page path redirect | D53: Public browse & detail | E53: redirect | G53: redirect/system | H53: signed out, signed in | I53: Place-scoped Page URL 308s to canonical /g/[handle]; draft/dissolved -> 404 | J53: permanentRedirect(canonicalPagePath) | K53: n/a | L53: n/a | M53: none | N53: • Item pages still build 'Sold by/Hosted by' links to this legacy path (src/app/p/[...slug]/page.tsx:203,218,234), so every attribution click costs a redirect | O53: src/app/p/[...slug]/page.tsx:302-309 | P53: Code
A54: S053 | B54: /p/[...place]/g/[group]/e/[item] | C54: Page-filed gathering | D54: Public browse & detail | E54: page | G54: detail | H54: signed out, signed in | I54: Gathering detail under a Page | J54: H1 > 'Hosted by {Page}' > next occurrence/recurrence > description > Where > Cost/Capacity > What to bring > Share link + Add to calendar | K54: yes | L54: partial - max-w-2xl single column | M54: none | N54: • Three attribution verbs for the same relationship: 'Sold by' / 'Offered by' / 'Hosted by' (ProductPublicPage.tsx:59, ServicePublicPage.tsx:54, GatheringPublicPage.tsx:53) • Attribution link targets legacy /p/…/g/<slug> which redirects (page.tsx:203,218,234) • Item pages are not linked from the Page itself (ShopPublicPage items are plain text, ShopPublicPage.tsx:276-278) - only reachable by direct URL / member profile • No primary action on product/service | O54: src/app/p/[...slug]/page.tsx:224-247; src/components/item/GatheringPublicPage.tsx:40-155 | P54: Code
A55: S054 | B55: /p/[...place]/g/[group]/p/[item] | C55: Page-filed product | D55: Public browse & detail | E55: page | G55: detail | H55: signed out, signed in | I55: Product detail filed under a Page | J55: Photo > H1 > price > 'Sold by {Page}' link > Locally Made badge > description > Pickup point | K55: yes | L55: partial - max-w-2xl single column | M55: none | N55: • Three attribution verbs for the same relationship: 'Sold by' / 'Offered by' / 'Hosted by' (ProductPublicPage.tsx:59, ServicePublicPage.tsx:54, GatheringPublicPage.tsx:53) • Attribution link targets legacy /p/…/g/<slug> which redirects (page.tsx:203,218,234) • Item pages are not linked from the Page itself (ShopPublicPage items are plain text, ShopPublicPage.tsx:276-278) - only reachable by direct URL / member profile • No primary action on product/service • 'Locally Made' badge is ml-2 inline after a block <p>, so it wraps to its own line with a stray left margin (ProductPublicPage.tsx:72-79) | O55: src/app/p/[...slug]/page.tsx:194-205; src/components/item/ProductPublicPage.tsx:31-109 | P55: Code
A56: S055 | B56: /p/[...place]/g/[group]/s/[item] | C56: Page-filed service | D56: Public browse & detail | E56: page | G56: detail | H56: signed out, signed in | I56: Service detail under a Page | J56: H1 > rate > 'Offered by {Page}' > description > Service area | K56: yes | L56: partial - max-w-2xl single column | M56: none | N56: • Three attribution verbs for the same relationship: 'Sold by' / 'Offered by' / 'Hosted by' (ProductPublicPage.tsx:59, ServicePublicPage.tsx:54, GatheringPublicPage.tsx:53) • Attribution link targets legacy /p/…/g/<slug> which redirects (page.tsx:203,218,234) • Item pages are not linked from the Page itself (ShopPublicPage items are plain text, ShopPublicPage.tsx:276-278) - only reachable by direct URL / member profile • No primary action on product/service | O56: src/app/p/[...slug]/page.tsx:209-220; src/components/item/ServicePublicPage.tsx:37-94 | P56: Code
A57: S056 | B57: /p/[...place]/l/[slug] | C57: Venue (signed out) | D57: Public browse & detail | E57: page | G57: detail | H57: signed out | I57: Location/venue detail with what's happening there and nearby | J57: Hero image (optional) > H1 venue name (text-[26px]) > address > hr > CTAs: Follow (btn-primary, sign-in link) + 'Host something here' (btn-secondary, sign-in link) > 'What's happening here' grid (only if owning Group) > 'What's happening nearby' <details> collapsed > About: kind chip, description, accessibility | K57: yes - 2-col item grid | L57: partial - max-w-3xl; item grid md:grid-cols-3; hero sm:aspect-video | M57: sm:, md: | N57: • About (what the place IS) is the last section, after event grids and a collapsed nearby list (src/components/venue/VenuePublicPage.tsx:141-156) - illogical order • Signed-out Host link appends ?action=host (src/app/p/[...slug]/page.tsx:273) but nothing reads that param - after sign-in the intent is lost • Arbitrary px type sizes text-[26px]/text-[22px] (src/components/venue/VenuePublicPage.tsx:79,115,134) and raw gray-* (src/components/venue/VenuePublicPage.tsx:84,120,147,150); FollowVenueButton error text-red-600 • 'Nearby' heading is a <summary> styled as an h2 (src/components/venue/VenuePublicPage.tsx:133-135) - inconsistent heading structure | O57: src/app/p/[...slug]/page.tsx:252-293; src/components/venue/VenuePublicPage.tsx:55-158; src/components/venue/FollowVenueButton.tsx | P57: Code
A58: S057 | B58: /p/[...place]/l/[slug] | C58: Venue (signed in) | D58: Public browse & detail | E58: state | F58: /p/[...place]/l/[slug] | G58: detail | H58: signed in, follower | I58: Adds distance, live Follow toggle, Host goes to composer | J58: Same as signed out + '· N mi away' after address; Follow/Following toggle; Host -> /you/sell?compose=gathering | K58: yes | L58: partial | M58: sm:, md: | N58: • Following state swaps btn-primary->btn-secondary (FollowVenueButton.tsx:72) so the two CTAs become visually identical | O58: src/app/p/[...slug]/page.tsx:258-273; src/components/venue/VenuePublicPage.tsx:84-108 | P58: Code
A59: S058 | B59: /p/[...place]/l/[slug] | C59: Venue - nothing scheduled | D59: Public browse & detail | E59: empty | F59: /p/[...place]/l/[slug] | G59: empty/error | H59: signed out, signed in | I59: Owning Group has no hosted items | J59: Dashed 'Nothing scheduled yet.' | K59: yes | L59: partial | M59: none | N59: • Empty state has no action even though 'Host something here' exists above | O59: src/components/venue/VenuePublicPage.tsx:113-124 | P59: Code
A60: S059 | B60: /p/[...place]/l/[slug] | C60: Venue not found | D60: Public browse & detail | E60: error | G60: empty/error | H60: signed out, signed in | I60: Private/deleted venue -> 404 | J60: Next default 404 | K60: partial | L60: partial | M60: none | N60: • Default 404 | O60: src/app/p/[...slug]/page.tsx:254-257 | P60: Code
A61: S060 | B61: /p/[...place]/{g/../p|s|e} | C61: Page item not found | D61: Public browse & detail | E61: error | G61: empty/error | H61: signed out, signed in | I61: Unknown item -> notFound() | J61: Next default 404 | K61: partial | L61: partial | M61: none | N61: • Default 404 | O61: src/app/p/[...slug]/page.tsx:200-202,215-217,230-232 | P61: Code
A62: S061 | B62: (all) | C62: BottomNav / TopNavDesktop | D62: Account, create, admin, system | E62: state | G62: redirect/system | H62: signed out, signed in | I62: Primary nav: Explore, Create (+), You; desktop top bar with NavYouBadge | J62: Phone: fixed bottom [Explore][+ Create][You] h-11 max-w-[420px] | Desktop (md+): sticky top bar SocialUs > Explore > You > Create > NavYouBadge | K62: yes: hides on scroll down, keyboard, aria-modal overlays | L62: yes: md:hidden bottom bar, hidden md:flex top bar | M62: md: | N62: • Order differs: phone Explore/Create/You (CREATE_AFTER=1, BottomNav.tsx:47) vs desktop Explore/You/Create (:139-161) • 'Create' -> /you/sell, which redirects members without an active shop to /you (you/sell/page.tsx:111-113) • Never suppressed on auth/onboarding/admin/dev routes (NavVisibilityProvider.tsx:16-28) • Desktop nav raw neutral-200/600/900 (:133,:147,:157) while bottom nav uses tokens • Bottom nav labels text-[9px] (:95,:112) | O62: components/BottomNav.tsx:58-172; components/NavVisibilityProvider.tsx:16-28; app/layout.tsx:52-56 | P62: Code
A63: S062 | B63: (all) | C63: proxy (session refresh) | D63: Account, create, admin, system | E63: redirect | G63: redirect/system | H63: signed out, signed in | I63: Refreshes Supabase session cookie; performs no auth redirects | J63: n/a | K63: n/a | L63: n/a | M63: none | N63: • No central auth gating: /onboarding, /you/sell, /you/following redirect to /auth/login; /g/[handle]/edit and /admin/reports 404; /you renders an inline signed-out state; /auth/login never bounces signed-in users | O63: src/proxy.ts:11-60 | P63: Code
A64: S063 | B64: (component) | C64: LocationPlaceFields (address / neighbourhood) | D64: Account, create, admin, system | E64: state | F64: /you | G64: form/wizard | H64: signed in, owner | I64: Address combobox with suggestions, or neighbourhood mode | J64: Label 'Where is it?' > combobox input > suggestions listbox (label, sublabel, kind chip) > Searching... > error > confirmed address + map thumb > mode-switch link | K64: yes | L64: partial: fills parent width; absolute dropdown | M64: none | N64: • Errors use var(--color-danger) (:226) while sibling forms use text-red-600: inconsistent error colour • Raw neutral-* (:192,:203,:215,:245) | O64: components/locations/LocationPlaceFields.tsx:165-292 | P64: Code
A65: S064 | B65: (component) | C65: PagePhotoPicker | D65: Account, create, admin, system | E65: state | F65: /you | G65: form/wizard | H65: owner | I65: Upload/replace/remove a Page photo | J65: 'Photo' label > preview + Remove > 'Choose a photo'/'Change photo' btn-secondary > Uploading... > error | K65: yes | L65: partial | M65: none | N65: • Own 'Photo' heading (:60) duplicated by EditPageForm wrapper label (EditPageForm.tsx:222) • Error colour var(--color-danger,#b00) with hex fallback (:108) | O65: components/media/PagePhotoPicker.tsx:58-113 | P65: Code
A66: S065 | B66: (component) | C66: Toast (shared) | D66: Account, create, admin, system | E66: state | G66: empty/error | H66: signed in | I66: Transient message pill | J66: pill bottom-20 z-50 | K66: yes | L66: partial | M66: none | N66: • Only used by legacy FollowButton; SellCta and Add* buttons each re-implement toasts • Raw bg-zinc-800 (:24) | O66: components/Toast.tsx:12-28; components/FollowButton.tsx | P66: Code
A67: S066 | B67: (component) | C67: MultiStepComposer shell | D67: Account, create, admin, system | E67: modal | F67: /you | G67: form/wizard | H67: signed in, owner | I67: Generic wizard dialog: dots + counter, close, scrolling body, footer Back/Skip/Continue | J67: Top bar (dots + 'Step k of N', X) > scroll body (H3, helper, fields, errors) > finalNotice > submit error > footer (Back | Skip | Continue/final) | K67: yes: bottom sheet, footer pinned, body scrolls | L67: partial: md:max-w-lg dialog; nothing for lg/xl | M67: md: | N67: • No Escape-to-close (AddEntityDrawer.tsx:102 handles Escape, composer does not) • Raw neutral-* (:206,:247,:254) | O67: components/composer/MultiStepComposer.tsx:184-344 | P67: Code
A68: S067 | B68: (dev) | C68: Dev route gate | D68: Account, create, admin, system | E68: redirect | G68: dev | H68: operator | I68: 404s dev pages on production deployments | J68: notFound in prod | K68: n/a | L68: n/a | M68: none | O68: app/(dev)/layout.tsx:56-61; app/(dev)/gate.ts:21-25 | P68: Code
A69: S068 | B69: (none) | C69: MarketForm (admin) | D69: Account, create, admin, system | E69: page | G69: form/wizard | H69: operator | I69: Create/edit a market with geocode and schedule | J69: Name/Slug/City/State grid > Geocode helper > Lat/Long > day chips > Start/End time > Description > error > Save/Create + Delete | K69: partial: grid-cols-2 at all widths | L69: unclear from code: no host route | M69: none | N69: • Orphaned: no importer and no admin route hosts it • Delete is red text next to primary with no confirm (:134) • Raw red-600/neutral-* (:89,:130,:134,:143) | O69: components/admin/MarketForm.tsx:80-147 | P69: Code
A70: S069 | B70: (none) | C70: ReportForm confirmation | D70: Account, create, admin, system | E70: state | G70: empty/error | H70: signed in | I70: Thanks message | J70: message > Done | K70: yes | L70: partial | M70: none | N70: • Orphaned (see ReportForm) | O70: components/ReportForm.tsx:59-78 | P70: Code
A71: S070 | B71: (none) | C71: SignInPrompt | D71: Account, create, admin, system | E71: sheet | G71: auth | H71: signed out | I71: Deferred-registration sheet: reason + Sign in + Not now | J71: Backdrop button > H2 title > why copy > 'Sign in' btn-primary > 'Not now' text button | K71: yes: bottom sheet rounded-t-2xl | L71: partial: sm:items-center sm:rounded-2xl, max-w-sm | M71: sm: | N71: • Orphaned: no importer anywhere in src, while legacy AuthGateModal is the one in use • Switches sheet->dialog at sm: while AuthGateModal/composers switch at md: | O71: components/auth/SignInPrompt.tsx:14-59 | P71: Code
A72: S071 | B72: (none) | C72: ReportForm sheet (legacy) | D72: Account, create, admin, system | E72: sheet | G72: form/wizard | H72: signed in | I72: Report a concern about a business (legacy) | J72: H2 'Report a Concern' + x > PillarSelector > 'What happened?' textarea + counter > Source link > witness checkbox > 'Submit Report' | K72: yes: bottom sheet | L72: partial: max-w-lg bottom sheet even on desktop (no md: centering) | M72: none | N72: • Orphaned: no importer; writes legacy reports.business_id (:43-50) • Insert error silently ignored (:52-56) • zinc-*/dark:/bg-foreground: a different design system (:65,:71,:89,:145) • No role=dialog/aria-modal • Title Case 'Submit Report' vs sentence case elsewhere | O72: components/ReportForm.tsx:80-152 | P72: Code
A73: S072 | B73: /add-entity-demo | C73: AddEntityDrawer demo | D73: Account, create, admin, system | E73: page | G73: dev | H73: operator | I73: Exercise AddEntityDrawer | J73: H1 > intro > open button > last id | K73: yes | L73: no: p-8 unconstrained | M73: none | N73: • Raw bg-neutral-100 (:62) | O73: app/(dev)/add-entity-demo/page.tsx:42-87 | P73: Code + verified in prod | Q73: Verified: 404 in production
A74: S073 | B74: /admin/reports | C74: Reports review queue | D74: Account, create, admin, system | E74: page | G74: dashboard/manage | H74: operator | I74: Operator takedown queue | J74: H1 'Reports' > count line 'N waiting - decided ones stay below...' > list of ReportEntry cards | K74: yes: phone-first column | L74: partial: max-w-xl (576px) px-3 at all widths, deliberate (page.tsx:33-34); no multi-column on desktop | M74: none | N74: • Root layout always renders TopNavDesktop + BottomNav (app/layout.tsx:53-55); no route hides nav, only scroll/keyboard/aria-modal (NavVisibilityProvider.tsx:16-28); operator screen shows member Create/You nav • No filter/tabs between waiting and decided; one list • Non-operators get 404 (page.tsx:27); no admin nav or entry link anywhere | O74: app/admin/reports/page.tsx:24-58 | P74: Code + verified in prod | Q74: Verified signed out: 404
A75: S074 | B75: /admin/reports | C75: Report entry card | D75: Account, create, admin, system | E75: state | F75: /admin/reports | G75: detail | H75: operator | I75: One report: Page, owner, body, status, photo, history, decide | J75: Page name > owner name + @handle > quoted body > status + reported date > blurred photo + 'Show photo' > decision history (Undo) > [Approve][Reject] > error | K75: yes | L75: partial: inherits max-w-xl | M75: none | N75: • 'Equal weight' buttons (comment :212) are styled differently: Approve btn-secondary vs Reject bespoke bordered (:219 vs :228) • Terms drift: buttons Approve/Reject, history Removed/Restored (:148), status Hidden/Photo removed (:102-106) • Error uses fg colour, not a danger token (:236) • No link to the reported Page | O75: app/admin/reports/ReportEntry.tsx:84-241 | P75: Code
A76: S075 | B76: /admin/reports | C76: Reason picker | D76: Account, create, admin, system | E76: state | F76: /admin/reports | G76: form/wizard | H76: operator | I76: Pick a preset reason for approve/reject/undo | J76: Title 'Approve - why?' > reason buttons > (note textarea + 'Use this reason') > 'Cancel' link | K76: yes | L76: partial | M76: none | N76: • Tapping a reason commits immediately (:274) though the buttons look like selectable options • Cancel is a tiny xs underline at the bottom (:305) | O76: app/admin/reports/ReportEntry.tsx:166-209,244-310 | P76: Code
A77: S076 | B77: /admin/reports | C77: Reports empty | D77: Account, create, admin, system | E77: empty | F77: /admin/reports | G77: empty/error | H77: operator | I77: 'Nothing here.' | J77: H1 > 'Nothing here.' | K77: yes | L77: partial | M77: none | O77: app/admin/reports/page.tsx:38-39 | P77: Code
A78: S077 | B78: /api/health/db | C78: db | D78: Account, create, admin, system | E78: api | G78: redirect/system | H78: operator | I78: GET: database reachability check for CI | J78: n/a | K78: n/a | L78: n/a | M78: none | O78: app/api/health/db/route.ts | P78: Code + verified in prod | Q78: Verified: 200
A79: S078 | B79: /api/health/schema | C79: schema | D79: Account, create, admin, system | E79: api | G79: redirect/system | H79: operator | I79: GET: deployed schema matches code | J79: n/a | K79: n/a | L79: n/a | M79: none | O79: app/api/health/schema/route.ts | P79: Code
A80: S079 | B80: /api/internal/auth-before-user-created | C80: auth-before-user-created | D80: Account, create, admin, system | E80: api | G80: redirect/system | H80: operator | I80: POST: Supabase before-user-created hook (admit/reject sign-up) | J80: n/a | K80: n/a | L80: n/a | M80: none | O80: app/api/internal/auth-before-user-created/route.ts | P80: Code
A81: S080 | B81: /api/internal/auth-signup | C81: auth-signup | D81: Account, create, admin, system | E81: api | G81: redirect/system | H81: operator | I81: POST: pg_net HMAC-signed member bootstrap | J81: n/a | K81: n/a | L81: n/a | M81: none | O81: app/api/internal/auth-signup/route.ts | P81: Code
A82: S081 | B82: /auth/callback | C82: Auth callback | D82: Account, create, admin, system | E82: redirect | G82: redirect/system | H82: signed out | I82: Exchanges code/token_hash for a session, then redirects to ?next or /auth/login?error= | J82: route handler: code > exchange; token_hash > verifyOtp; else error redirect | K82: n/a | L82: n/a | M82: none | N82: • Password flow defaults next to /onboarding (EmailFirstSignup.tsx:61) but MagicLinkForm uses safeNext(next) without that default (MagicLinkForm.tsx:14): whether new magic-link members reach /onboarding is unclear from code | O82: app/auth/callback/route.ts:15-51 | P82: Code
A83: S082 | B83: /auth/login | C83: Sign in (magic link) | D83: Account, create, admin, system | E83: page | G83: auth | H83: signed out | I83: Single email field that sends a magic sign-in link; same flow for sign-up and sign-in | J83: Optional ?error alert > H1 'Sign in to SocialUs' > helper copy > email input > error > 'Email me a sign-in link' primary | K83: yes: centered max-w-sm column, min-h-screen | L83: partial: same max-w-sm (384px) centered column at all widths; TopNavDesktop appears at md (768); no sm/md/lg prefixes in page | M83: none (page); nav md: | N83: • Root layout always renders TopNavDesktop + BottomNav (app/layout.tsx:53-55); no route hides nav, only scroll/keyboard/aria-modal (NavVisibilityProvider.tsx:16-28); Create/You nav stays visible on the sign-in screen • No redirect for already-signed-in users: client page never checks session (login/page.tsx:7-23) and proxy.ts:40-55 does no auth redirects • ?error is the raw Supabase message from callback (callback/route.ts:21,25,35) and renders ABOVE the H1 (login/page.tsx:15-19) • Raw text-red-600 instead of a danger token (login/page.tsx:16, MagicLinkForm.tsx:82); LocationPlaceFields uses var(--color-danger) • Submit is a hand-rolled accent pill (MagicLinkForm.tsx:90) instead of btn-primary used by AuthGateModal/SignInPrompt/onboarding • No Google option here while /auth/password offers 'Continue with Google' (EmailFirstSignup.tsx:192-200): two divergent sign-in surfaces | O83: app/auth/login/page.tsx:7-23; components/auth/MagicLinkForm.tsx:60-96; app/auth/layout.tsx:1-9 | P83: Code + verified in prod | Q83: Verified 390/1440: 384px column at every width; app nav shown on auth
A84: S083 | B84: /auth/login | C84: Check your email (link sent) | D84: Account, create, admin, system | E84: state | F84: /auth/login | G84: auth | H84: signed out | I84: Confirms the link was sent and to which address | J84: H1 'Check your email' > 'We sent a sign-in link to <email>... Open it on this device' > 'Use a different email' text link | K84: yes | L84: partial: max-w-sm centered | M84: none | N84: • No resend action, only 'Use a different email' (MagicLinkForm.tsx:46-55) • Same state implemented twice with different copy: 'Open it on this device' (MagicLinkForm.tsx:44) vs 'Click it to finish' (EmailFirstSignup.tsx:165) | O84: components/auth/MagicLinkForm.tsx:39-58 | P84: Code
A85: S084 | B85: /auth/login | C85: Sign-in link error (from callback) | D85: Account, create, admin, system | E85: error | F85: /auth/login | G85: empty/error | H85: signed out | I85: Shows why an expired/used/missing-token link failed | J85: Red alert line > normal sign-in form | K85: yes | L85: partial: max-w-sm column | M85: none | N85: • Message is Supabase's raw error_description (route.ts:25): technical wording shown to members • No explicit 'send a new link' action; only the missing-token message says so (route.ts:47) | O85: app/auth/login/page.tsx:15-19; app/auth/callback/route.ts:19-26,35,45,47 | P85: Code
A86: S085 | B86: /auth/login | C86: Magic link validation/send error | D86: Account, create, admin, system | E86: error | F86: /auth/login | G86: auth | H86: signed out | I86: Inline error for invalid email or send failure | J86: Email input > red error text > submit | K86: yes | L86: partial: max-w-sm | M86: none | N86: • Raw text-red-600 (MagicLinkForm.tsx:82) | O86: components/auth/MagicLinkForm.tsx:25-35,81-85 | P86: Code
A87: S086 | B87: /auth/password | C87: Password sign-in (email step) | D87: Account, create, admin, system | E87: page | G87: auth | H87: signed out | I87: Unlinked eval-only password auth: Google button, then email + Continue | J87: H1 'Sign in with a password' > 'Continue with Google' > 'or' divider > email input > error > 'Continue' primary | K87: yes: max-w-sm centered | L87: partial: max-w-sm at all widths | M87: none | N87: • Comment says intentionally unlinked test route (password/page.tsx:1-4) yet it is reachable in production with Google + password sign-up • Heading 'Sign in with a password' but first control is 'Continue with Google' (page.tsx:20-22 vs EmailFirstSignup.tsx:192-200) • Email input has no label/aria-label (EmailFirstSignup.tsx:210-219) unlike MagicLinkForm.tsx:77 • Raw neutral-300/800/200/500 and red-600 (EmailFirstSignup.tsx:197,203,206,221) | O87: app/auth/password/page.tsx:12-30; components/auth/EmailFirstSignup.tsx:188-235 | P87: Code + verified in prod | Q87: Verified 390/1440: 384px column; nav shown
A88: S087 | B88: /auth/password | C88: Magic link sent (password flow) | D88: Account, create, admin, system | E88: state | F88: /auth/password | G88: auth | H88: signed out | I88: Confirms magic link sent from the password flow | J88: Page H1 > H1 'Check your email' > copy > 'Use a different email' | K88: yes | L88: partial: max-w-sm | M88: none | N88: • Duplicate of MagicLinkForm sent state with different copy • Page H1 'Sign in with a password' still shows above it (password/page.tsx:20) | O88: components/auth/EmailFirstSignup.tsx:160-172 | P88: Code
A89: S088 | B89: /auth/password | C89: Confirm your email | D89: Account, create, admin, system | E89: state | F89: /auth/password | G89: auth | H89: signed out | I89: After prod sign-up, asks member to click the confirmation link | J89: H1 'Confirm your email' > copy > 'Use a different email' | K89: yes | L89: partial: max-w-sm | M89: none | N89: • No resend; only exit is 'Use a different email' | O89: components/auth/EmailFirstSignup.tsx:174-186 | P89: Code
A90: S089 | B90: /auth/password | C90: Set a password (new account) | D90: Account, create, admin, system | E90: step | F90: /auth/password | G90: auth | H90: signed out | I90: New email: choose a password to create the account | J90: H1 'Set a password' > 'Creating an account for <email>' > password > error > 'Create account' > 'Sign in with a magic link instead' > '<- Use a different email' | K90: yes | L90: partial: max-w-sm | M90: none | N90: • Two H1s: page H1 (password/page.tsx:20) plus step H1 (EmailFirstSignup.tsx:240-245) • Two stacked text links in different greys (neutral-500 :287 vs neutral-400 :294); back link placed last | O90: components/auth/EmailFirstSignup.tsx:237-298 | P90: Code
A91: S090 | B91: /auth/password | C91: Welcome back (enter password) | D91: Account, create, admin, system | E91: step | F91: /auth/password | G91: auth | H91: signed out | I91: Returning email: enter password | J91: H1 'Welcome back' > 'Enter your password for <email>' > password > error > 'Log in' > magic-link link > use-different-email link | K91: yes | L91: partial: max-w-sm | M91: none | N91: • Button says 'Log in' (EmailFirstSignup.tsx:277); every other surface says 'Sign in' (MagicLinkForm.tsx:63, AuthGateModal.tsx:49, SignInPrompt.tsx:48) • No forgot-password path | O91: components/auth/EmailFirstSignup.tsx:237-298 | P91: Code
A92: S091 | B92: /auth/signup | C92: Legacy sign-up redirect | D92: Account, create, admin, system | E92: redirect | G92: redirect/system | H92: signed out | I92: Forwards old links to /auth/login preserving ?next | J92: redirect only | K92: n/a | L92: n/a | M92: none | O92: app/auth/signup/page.tsx:6-14 | P92: Code + verified in prod | Q92: Verified: redirects to /auth/login
A93: S092 | B93: /business/:slug | C93: Legacy business redirect | D93: Account, create, admin, system | E93: redirect | G93: redirect/system | H93: signed out, signed in | I93: -> /explore (next.config.ts:16) | J93: n/a | K93: n/a | L93: n/a | O93: next.config.ts | P93: Code
A94: S093 | B94: /card-gallery | C94: Card gallery | D94: Account, create, admin, system | E94: page | G94: dev | H94: operator | I94: Showcase of card system variants | J94: H1 'Card system' > intro > Tiles > Tiles compact > Examples > Announcements > Status > Metrics | K94: yes | L94: yes: CardGrid auto-fill; no max-w (full bleed px-4) | M94: none | N94: • No max-width at desktop (page.tsx:24) | O94: app/(dev)/card-gallery/page.tsx:23-86 | P94: Code + verified in prod | Q94: Verified: 404 in production (dev gate works)
A95: S094 | B95: /composer-demo | C95: MultiStepComposer demo | D95: Account, create, admin, system | E95: page | G95: dev | H95: operator | I95: Exercise composer with fake steps | J95: H1 > intro > open button > result <pre> | K95: yes | L95: no: p-8 unconstrained | M95: none | N95: • Raw bg-neutral-100 (:117) | O95: app/(dev)/composer-demo/page.tsx:99-142 | P95: Code + verified in prod | Q95: Verified: 404 in production
A96: S095 | B96: /following | C96: AuthGateModal | D96: Account, create, admin, system | E96: modal | F96: /following | G96: auth | H96: signed out | I96: Signed-out gate when tapping Follow on the legacy /following vendor list | J96: Backdrop > close X > H3 headline > subtext > 'Sign in' btn-primary > 'We email you a link...' > divider > 'Are you a business owner? List your business ->' | K96: yes: bottom-anchored (items-end) max-w-sm | L96: partial: md:items-center centers it; max-w-sm only | M96: md: | N96: • Duplicate of SignInPrompt: two sign-in gate modals with different structure, copy and close affordances • No role=dialog/aria-modal (AuthGateModal.tsx:23-28) so useOverlayOpen (hooks/useOverlayOpen.ts:7) does not pause BottomNav • Heading is H3 (:41) • Secondary CTA 'List your business' (:57-59) uses retired business/vendor framing vs 'Page'/'Create' • Raw neutral-* (:37,:42,:51,:55) • Only consumer is legacy vendor page app/following/page.tsx (imports Vendor/Market types) | O96: components/AuthGateModal.tsx:17-63; components/FollowButton.tsx:105 | P96: Code
A97: S096 | B97: /following | C97: Config redirect | D97: Account, create, admin, system | E97: redirect | G97: redirect/system | H97: signed out, signed in | I97: -> /you/following (next.config.ts:9); shadows app/following/page.tsx | J97: n/a | K97: n/a | L97: n/a | O97: next.config.ts | P97: Code + verified in prod | Q97: Verified: /following -> /auth/login?next=/you/following
A98: S097 | B98: /g/[handle]/edit | C98: Edit Page | D98: Account, create, admin, system | E98: page | G98: settings | H98: owner | I98: Owner edits name, description, address, photo, socials | J98: H1 'Edit <name>' > 'Only you can see this.' > Name > Description > Address (+ Change it) > Link (frozen + explanation) > Photo > SocialHandleFields > error/saved > PostingSafetyNote > [Save changes][Done] | K98: yes: single column | L98: partial: max-w-xl (576px) px-3 at all widths; no responsive prefixes | M98: none | N98: • Save sits at the bottom of a long form and scrolls away; no sticky footer (EditPageForm.tsx:243-250) • Two equal full-width buttons 'Save changes' and 'Done'; 'Done' is a plain <a> that silently discards unsaved edits (:247) • Duplicate 'Photo' label: wrapper (:222) + PagePhotoPicker's own (PagePhotoPicker.tsx:60) • Labels differ from creation: 'Description' vs 'About', 'Address' vs 'Anchor Location', handles vs URLs for socials • Tags added in the walkthrough are not editable here • Error uses text-[var(--color-fg)], not visually distinct (:231) | O98: app/g/[handle]/edit/page.tsx:23-66; app/g/[handle]/edit/EditPageForm.tsx:146-252 | P98: Code
A99: S098 | B99: /g/[handle]/edit | C99: Change address | D99: Account, create, admin, system | E99: state | F99: /g/[handle]/edit | G99: settings | H99: owner | I99: Inline LocationPlaceFields to move the Page | J99: Address label > LocationPlaceFields > 'Keep it where it is' link | K99: yes | L99: partial | M99: none | N99: • Only saved by the global Save at the bottom | O99: app/g/[handle]/edit/EditPageForm.tsx:172-205 | P99: Code
A100: S099 | B100: /g/[handle]/edit | C100: Edit saved / error | D100: Account, create, admin, system | E100: state | F100: /g/[handle]/edit | G100: empty/error | H100: owner | I100: 'Saved.' status or error alert | J100: text line above safety note | K100: yes | L100: partial | M100: none | N100: • Feedback at the bottom, far from the top of the form; error same colour as body text | O100: app/g/[handle]/edit/EditPageForm.tsx:230-239 | P100: Code
...

Sheet Counts
A1: Screen type | B1: All rows | C1: Pages | D1: Overlays (modal/sheet/drawer) | E1: Wizard steps | F1: States | G1: Empty + error | H1: Verified in prod
A2: browse/list+map | B2: =COUNTIF(Screens!$G$2:$G$153,A2) -> 9 | C2: =COUNTIFS(Screens!$G$2:$G$153,A2,Screens!$E$2:$E$153,"page") -> 1 | D2: =COUNTIFS(Screens!$G$2:$G$153,A2,Screens!$E$2:$E$153,"modal")+COUNTIFS(Screens!$G$2:$G$153,A2,Screens!$E$2:$E$153,"sheet")+COUNTIFS(Screens!$G$2:$G$153,A2,Screens!$E$2:$E$153,"drawer") -> 2 | E2: =COUNTIFS(Screens!$G$2:$G$153,A2,Screens!$E$2:$E$153,"step") -> 0 | F2: =COUNTIFS(Screens!$G$2:$G$153,A2,Screens!$E$2:$E$153,"state") -> 6 | G2: =COUNTIFS(Screens!$G$2:$G$153,A2,Screens!$E$2:$E$153,"empty")+COUNTIFS(Screens!$G$2:$G$153,A2,Screens!$E$2:$E$153,"error") -> 0 | H2: =COUNTIFS(Screens!$G$2:$G$153,A2,Screens!$P$2:$P$153,"Code + verified in prod") -> 1
A3: detail | B3: =COUNTIF(Screens!$G$2:$G$153,A3) -> 16 | C3: =COUNTIFS(Screens!$G$2:$G$153,A3,Screens!$E$2:$E$153,"page") -> 9 | D3: =COUNTIFS(Screens!$G$2:$G$153,A3,Screens!$E$2:$E$153,"modal")+COUNTIFS(Screens!$G$2:$G$153,A3,Screens!$E$2:$E$153,"sheet")+COUNTIFS(Screens!$G$2:$G$153,A3,Screens!$E$2:$E$153,"drawer") -> 1 | E3: =COUNTIFS(Screens!$G$2:$G$153,A3,Screens!$E$2:$E$153,"step") -> 0 | F3: =COUNTIFS(Screens!$G$2:$G$153,A3,Screens!$E$2:$E$153,"state") -> 6 | G3: =COUNTIFS(Screens!$G$2:$G$153,A3,Screens!$E$2:$E$153,"empty")+COUNTIFS(Screens!$G$2:$G$153,A3,Screens!$E$2:$E$153,"error") -> 0 | H3: =COUNTIFS(Screens!$G$2:$G$153,A3,Screens!$P$2:$P$153,"Code + verified in prod") -> 1
A4: feed | B4: =COUNTIF(Screens!$G$2:$G$153,A4) -> 4 | C4: =COUNTIFS(Screens!$G$2:$G$153,A4,Screens!$E$2:$E$153,"page") -> 3 | D4: =COUNTIFS(Screens!$G$2:$G$153,A4,Screens!$E$2:$E$153,"modal")+COUNTIFS(Screens!$G$2:$G$153,A4,Screens!$E$2:$E$153,"sheet")+COUNTIFS(Screens!$G$2:$G$153,A4,Screens!$E$2:$E$153,"drawer") -> 0 | E4: =COUNTIFS(Screens!$G$2:$G$153,A4,Screens!$E$2:$E$153,"step") -> 0 | F4: =COUNTIFS(Screens!$G$2:$G$153,A4,Screens!$E$2:$E$153,"state") -> 1 | G4: =COUNTIFS(Screens!$G$2:$G$153,A4,Screens!$E$2:$E$153,"empty")+COUNTIFS(Screens!$G$2:$G$153,A4,Screens!$E$2:$E$153,"error") -> 0 | H4: =COUNTIFS(Screens!$G$2:$G$153,A4,Screens!$P$2:$P$153,"Code + verified in prod") -> 0
A5: form/wizard | B5: =COUNTIF(Screens!$G$2:$G$153,A5) -> 37 | C5: =COUNTIFS(Screens!$G$2:$G$153,A5,Screens!$E$2:$E$153,"page") -> 2 | D5: =COUNTIFS(Screens!$G$2:$G$153,A5,Screens!$E$2:$E$153,"modal")+COUNTIFS(Screens!$G$2:$G$153,A5,Screens!$E$2:$E$153,"sheet")+COUNTIFS(Screens!$G$2:$G$153,A5,Screens!$E$2:$E$153,"drawer") -> 8 | E5: =COUNTIFS(Screens!$G$2:$G$153,A5,Screens!$E$2:$E$153,"step") -> 20 | F5: =COUNTIFS(Screens!$G$2:$G$153,A5,Screens!$E$2:$E$153,"state") -> 6 | G5: =COUNTIFS(Screens!$G$2:$G$153,A5,Screens!$E$2:$E$153,"empty")+COUNTIFS(Screens!$G$2:$G$153,A5,Screens!$E$2:$E$153,"error") -> 1 | H5: =COUNTIFS(Screens!$G$2:$G$153,A5,Screens!$P$2:$P$153,"Code + verified in prod") -> 2
A6: dashboard/manage | B6: =COUNTIF(Screens!$G$2:$G$153,A6) -> 9 | C6: =COUNTIFS(Screens!$G$2:$G$153,A6,Screens!$E$2:$E$153,"page") -> 4 | D6: =COUNTIFS(Screens!$G$2:$G$153,A6,Screens!$E$2:$E$153,"modal")+COUNTIFS(Screens!$G$2:$G$153,A6,Screens!$E$2:$E$153,"sheet")+COUNTIFS(Screens!$G$2:$G$153,A6,Screens!$E$2:$E$153,"drawer") -> 1 | E6: =COUNTIFS(Screens!$G$2:$G$153,A6,Screens!$E$2:$E$153,"step") -> 0 | F6: =COUNTIFS(Screens!$G$2:$G$153,A6,Screens!$E$2:$E$153,"state") -> 4 | G6: =COUNTIFS(Screens!$G$2:$G$153,A6,Screens!$E$2:$E$153,"empty")+COUNTIFS(Screens!$G$2:$G$153,A6,Screens!$E$2:$E$153,"error") -> 0 | H6: =COUNTIFS(Screens!$G$2:$G$153,A6,Screens!$P$2:$P$153,"Code + verified in prod") -> 3
A7: settings | B7: =COUNTIF(Screens!$G$2:$G$153,A7) -> 3 | C7: =COUNTIFS(Screens!$G$2:$G$153,A7,Screens!$E$2:$E$153,"page") -> 1 | D7: =COUNTIFS(Screens!$G$2:$G$153,A7,Screens!$E$2:$E$153,"modal")+COUNTIFS(Screens!$G$2:$G$153,A7,Screens!$E$2:$E$153,"sheet")+COUNTIFS(Screens!$G$2:$G$153,A7,Screens!$E$2:$E$153,"drawer") -> 0 | E7: =COUNTIFS(Screens!$G$2:$G$153,A7,Screens!$E$2:$E$153,"step") -> 0 | F7: =COUNTIFS(Screens!$G$2:$G$153,A7,Screens!$E$2:$E$153,"state") -> 1 | G7: =COUNTIFS(Screens!$G$2:$G$153,A7,Screens!$E$2:$E$153,"empty")+COUNTIFS(Screens!$G$2:$G$153,A7,Screens!$E$2:$E$153,"error") -> 0 | H7: =COUNTIFS(Screens!$G$2:$G$153,A7,Screens!$P$2:$P$153,"Code + verified in prod") -> 0
A8: auth | B8: =COUNTIF(Screens!$G$2:$G$153,A8) -> 13 | C8: =COUNTIFS(Screens!$G$2:$G$153,A8,Screens!$E$2:$E$153,"page") -> 2 | D8: =COUNTIFS(Screens!$G$2:$G$153,A8,Screens!$E$2:$E$153,"modal")+COUNTIFS(Screens!$G$2:$G$153,A8,Screens!$E$2:$E$153,"sheet")+COUNTIFS(Screens!$G$2:$G$153,A8,Screens!$E$2:$E$153,"drawer") -> 3 | E8: =COUNTIFS(Screens!$G$2:$G$153,A8,Screens!$E$2:$E$153,"step") -> 2 | F8: =COUNTIFS(Screens!$G$2:$G$153,A8,Screens!$E$2:$E$153,"state") -> 5 | G8: =COUNTIFS(Screens!$G$2:$G$153,A8,Screens!$E$2:$E$153,"empty")+COUNTIFS(Screens!$G$2:$G$153,A8,Screens!$E$2:$E$153,"error") -> 1 | H8: =COUNTIFS(Screens!$G$2:$G$153,A8,Screens!$P$2:$P$153,"Code + verified in prod") -> 3
A9: empty/error | B9: =COUNTIF(Screens!$G$2:$G$153,A9) -> 35 | C9: =COUNTIFS(Screens!$G$2:$G$153,A9,Screens!$E$2:$E$153,"page") -> 0 | D9: =COUNTIFS(Screens!$G$2:$G$153,A9,Screens!$E$2:$E$153,"modal")+COUNTIFS(Screens!$G$2:$G$153,A9,Screens!$E$2:$E$153,"sheet")+COUNTIFS(Screens!$G$2:$G$153,A9,Screens!$E$2:$E$153,"drawer") -> 0 | E9: =COUNTIFS(Screens!$G$2:$G$153,A9,Screens!$E$2:$E$153,"step") -> 0 | F9: =COUNTIFS(Screens!$G$2:$G$153,A9,Screens!$E$2:$E$153,"state") -> 8 | G9: =COUNTIFS(Screens!$G$2:$G$153,A9,Screens!$E$2:$E$153,"empty")+COUNTIFS(Screens!$G$2:$G$153,A9,Screens!$E$2:$E$153,"error") -> 27 | H9: =COUNTIFS(Screens!$G$2:$G$153,A9,Screens!$P$2:$P$153,"Code + verified in prod") -> 4
A10: redirect/system | B10: =COUNTIF(Screens!$G$2:$G$153,A10) -> 21 | C10: =COUNTIFS(Screens!$G$2:$G$153,A10,Screens!$E$2:$E$153,"page") -> 0 | D10: =COUNTIFS(Screens!$G$2:$G$153,A10,Screens!$E$2:$E$153,"modal")+COUNTIFS(Screens!$G$2:$G$153,A10,Screens!$E$2:$E$153,"sheet")+COUNTIFS(Screens!$G$2:$G$153,A10,Screens!$E$2:$E$153,"drawer") -> 0 | E10: =COUNTIFS(Screens!$G$2:$G$153,A10,Screens!$E$2:$E$153,"step") -> 0 | F10: =COUNTIFS(Screens!$G$2:$G$153,A10,Screens!$E$2:$E$153,"state") -> 3 | G10: =COUNTIFS(Screens!$G$2:$G$153,A10,Screens!$E$2:$E$153,"empty")+COUNTIFS(Screens!$G$2:$G$153,A10,Screens!$E$2:$E$153,"error") -> 0 | H10: =COUNTIFS(Screens!$G$2:$G$153,A10,Screens!$P$2:$P$153,"Code + verified in prod") -> 6
A11: dev | B11: =COUNTIF(Screens!$G$2:$G$153,A11) -> 5 | C11: =COUNTIFS(Screens!$G$2:$G$153,A11,Screens!$E$2:$E$153,"page") -> 4 | D11: =COUNTIFS(Screens!$G$2:$G$153,A11,Screens!$E$2:$E$153,"modal")+COUNTIFS(Screens!$G$2:$G$153,A11,Screens!$E$2:$E$153,"sheet")+COUNTIFS(Screens!$G$2:$G$153,A11,Screens!$E$2:$E$153,"drawer") -> 0 | E11: =COUNTIFS(Screens!$G$2:$G$153,A11,Screens!$E$2:$E$153,"step") -> 0 | F11: =COUNTIFS(Screens!$G$2:$G$153,A11,Screens!$E$2:$E$153,"state") -> 0 | G11: =COUNTIFS(Screens!$G$2:$G$153,A11,Screens!$E$2:$E$153,"empty")+COUNTIFS(Screens!$G$2:$G$153,A11,Screens!$E$2:$E$153,"error") -> 0 | H11: =COUNTIFS(Screens!$G$2:$G$153,A11,Screens!$P$2:$P$153,"Code + verified in prod") -> 3
A12: Total | B12: =SUM(B2:B11) -> 152 | C12: =SUM(C2:C11) -> 26 | D12: =SUM(D2:D11) -> 15 | E12: =SUM(E2:E11) -> 22 | F12: =SUM(F2:F11) -> 40 | G12: =SUM(G2:G11) -> 29 | H12: =SUM(H2:H11) -> 23
A14: Kind | B14: Rows
A15: page | B15: =COUNTIF(Screens!$E$2:$E$153,"page") -> 26
A16: settings | B16: =COUNTIF(Screens!$E$2:$E$153,"settings") -> 1
A17: state | B17: =COUNTIF(Screens!$E$2:$E$153,"state") -> 40
A18: step | B18: =COUNTIF(Screens!$E$2:$E$153,"step") -> 22
A19: modal | B19: =COUNTIF(Screens!$E$2:$E$153,"modal") -> 5
A20: sheet | B20: =COUNTIF(Screens!$E$2:$E$153,"sheet") -> 6
A21: drawer | B21: =COUNTIF(Screens!$E$2:$E$153,"drawer") -> 4
A22: empty | B22: =COUNTIF(Screens!$E$2:$E$153,"empty") -> 13
A23: error | B23: =COUNTIF(Screens!$E$2:$E$153,"error") -> 16
A24: redirect | B24: =COUNTIF(Screens!$E$2:$E$153,"redirect") -> 15
A25: api | B25: =COUNTIF(Screens!$E$2:$E$153,"api") -> 4

Sheet Screen sizes
A1: Primary screen | B1: Route | C1: Content max width (px) | D1: How it lays out above phone | E1: 6" phone: % of width used | F1: 8" tablet: % of width used | G1: 11" tablet: % of width used | H1: 13" laptop: % of width used | I1: 15" laptop: % of width used | J1: 16" laptop: % of width used | K1: 27" monitor: % of width used | L1: Source
B2: Viewport width (px) → | E2: 390 | F2: 768 | G2: 1024 | H2: 1280 | I2: 1440 | J2: 1728 | K2: 2560
A3: Explore list: search/area bar | B3: /explore | C3: 1024 | D3: Capped at 1024px. The result grid below is NOT capped (auto-fill): 1 col@360, 3@768, 4@1024, 5@1280–1440, 7@1920, so grid and header edges stop lining up above ~1056px. List and map never side by side. | E3: =MIN(E$2-32,$C3)/E$2 -> 0.91794872 | F3: =MIN(F$2-32,$C3)/F$2 -> 0.95833333 | G3: =MIN(G$2-32,$C3)/G$2 -> 0.96875 | H3: =MIN(H$2-32,$C3)/H$2 -> 0.8 | I3: =MIN(I$2-32,$C3)/I$2 -> 0.71111111 | J3: =MIN(J$2-32,$C3)/J$2 -> 0.59259259 | K3: =MIN(K$2-32,$C3)/K$2 -> 0.4 | L3: Prod measured
A4: Explore list: result grid | B4: /explore | C4: none | D4: Full width; columns keep multiplying (7 at 1920) | E4: =(E$2-32)/E$2 -> 0.91794872 | F4: =(F$2-32)/F$2 -> 0.95833333 | G4: =(G$2-32)/G$2 -> 0.96875 | H4: =(H$2-32)/H$2 -> 0.975 | I4: =(I$2-32)/I$2 -> 0.97777778 | J4: =(J$2-32)/J$2 -> 0.98148148 | K4: =(K$2-32)/K$2 -> 0.9875 | L4: Prod measured
A5: Explore map view | B5: /explore?view=map | C5: none | D5: Map full width; no list beside it | E5: =(E$2-32)/E$2 -> 0.91794872 | F5: =(F$2-32)/F$2 -> 0.95833333 | G5: =(G$2-32)/G$2 -> 0.96875 | H5: =(H$2-32)/H$2 -> 0.975 | I5: =(I$2-32)/I$2 -> 0.97777778 | J5: =(J$2-32)/J$2 -> 0.98148148 | K5: =(K$2-32)/K$2 -> 0.9875 | L5: Code
A6: Page (visitor) | B6: /g/[handle] | C6: 768 | D6: Single 768px column at every width; no responsive prefixes | E6: =MIN(E$2-32,$C6)/E$2 -> 0.91794872 | F6: =MIN(F$2-32,$C6)/F$2 -> 0.95833333 | G6: =MIN(G$2-32,$C6)/G$2 -> 0.75 | H6: =MIN(H$2-32,$C6)/H$2 -> 0.6 | I6: =MIN(I$2-32,$C6)/I$2 -> 0.53333333 | J6: =MIN(J$2-32,$C6)/J$2 -> 0.44444444 | K6: =MIN(K$2-32,$C6)/K$2 -> 0.3 | L6: Prod measured
A7: Member profile | B7: /m/[handle] | C7: 768 | D7: Single column | E7: =MIN(E$2-32,$C7)/E$2 -> 0.91794872 | F7: =MIN(F$2-32,$C7)/F$2 -> 0.95833333 | G7: =MIN(G$2-32,$C7)/G$2 -> 0.75 | H7: =MIN(H$2-32,$C7)/H$2 -> 0.6 | I7: =MIN(I$2-32,$C7)/I$2 -> 0.53333333 | J7: =MIN(J$2-32,$C7)/J$2 -> 0.44444444 | K7: =MIN(K$2-32,$C7)/K$2 -> 0.3 | L7: Code
A8: Item detail (product / service / event) | B8: /m/../{p,s,e}, /p/../g/.. | C8: 672 | D8: Single column, no media or side column | E8: =MIN(E$2-32,$C8)/E$2 -> 0.91794872 | F8: =MIN(F$2-32,$C8)/F$2 -> 0.875 | G8: =MIN(G$2-32,$C8)/G$2 -> 0.65625 | H8: =MIN(H$2-32,$C8)/H$2 -> 0.525 | I8: =MIN(I$2-32,$C8)/I$2 -> 0.46666667 | J8: =MIN(J$2-32,$C8)/J$2 -> 0.38888889 | K8: =MIN(K$2-32,$C8)/K$2 -> 0.2625 | L8: Code
A9: Venue | B9: /p/[...place]/l/[slug] | C9: 768 | D9: Column; item grid 3 cols at md+ | E9: =MIN(E$2-32,$C9)/E$2 -> 0.91794872 | F9: =MIN(F$2-32,$C9)/F$2 -> 0.95833333 | G9: =MIN(G$2-32,$C9)/G$2 -> 0.75 | H9: =MIN(H$2-32,$C9)/H$2 -> 0.6 | I9: =MIN(I$2-32,$C9)/I$2 -> 0.53333333 | J9: =MIN(J$2-32,$C9)/J$2 -> 0.44444444 | K9: =MIN(K$2-32,$C9)/K$2 -> 0.3 | L9: Code
A10: Place landing (placeholder) | B10: /p/[...place] | C10: 896 | D10: Placeholder text | E10: =MIN(E$2-32,$C10)/E$2 -> 0.91794872 | F10: =MIN(F$2-32,$C10)/F$2 -> 0.95833333 | G10: =MIN(G$2-32,$C10)/G$2 -> 0.875 | H10: =MIN(H$2-32,$C10)/H$2 -> 0.7 | I10: =MIN(I$2-32,$C10)/I$2 -> 0.62222222 | J10: =MIN(J$2-32,$C10)/J$2 -> 0.51851852 | K10: =MIN(K$2-32,$C10)/K$2 -> 0.35 | L10: Code
A11: Join (vendor pitch) | B11: /join | C11: 768 | D11: Column; benefits 3 cols at md+ | E11: =MIN(E$2-32,$C11)/E$2 -> 0.91794872 | F11: =MIN(F$2-32,$C11)/F$2 -> 0.95833333 | G11: =MIN(G$2-32,$C11)/G$2 -> 0.75 | H11: =MIN(H$2-32,$C11)/H$2 -> 0.6 | I11: =MIN(I$2-32,$C11)/I$2 -> 0.53333333 | J11: =MIN(J$2-32,$C11)/J$2 -> 0.44444444 | K11: =MIN(K$2-32,$C11)/K$2 -> 0.3 | L11: Prod measured
A12: Sign in / password | B12: /auth/* | C12: 384 | D12: Fixed 384px column | E12: =MIN(E$2-32,$C12)/E$2 -> 0.91794872 | F12: =MIN(F$2-32,$C12)/F$2 -> 0.5 | G12: =MIN(G$2-32,$C12)/G$2 -> 0.375 | H12: =MIN(H$2-32,$C12)/H$2 -> 0.3 | I12: =MIN(I$2-32,$C12)/I$2 -> 0.26666667 | J12: =MIN(J$2-32,$C12)/J$2 -> 0.22222222 | K12: =MIN(K$2-32,$C12)/K$2 -> 0.15 | L12: Prod measured
A13: Onboarding | B13: /onboarding | C13: 448 | D13: Fixed 448px column | E13: =MIN(E$2-32,$C13)/E$2 -> 0.91794872 | F13: =MIN(F$2-32,$C13)/F$2 -> 0.58333333 | G13: =MIN(G$2-32,$C13)/G$2 -> 0.4375 | H13: =MIN(H$2-32,$C13)/H$2 -> 0.35 | I13: =MIN(I$2-32,$C13)/I$2 -> 0.31111111 | J13: =MIN(J$2-32,$C13)/J$2 -> 0.25925926 | K13: =MIN(K$2-32,$C13)/K$2 -> 0.175 | L13: Code
A14: You (signed out) | B14: /you | C14: 448 | D14: Fixed 448px column | E14: =MIN(E$2-32,$C14)/E$2 -> 0.91794872 | F14: =MIN(F$2-32,$C14)/F$2 -> 0.58333333 | G14: =MIN(G$2-32,$C14)/G$2 -> 0.4375 | H14: =MIN(H$2-32,$C14)/H$2 -> 0.35 | I14: =MIN(I$2-32,$C14)/I$2 -> 0.31111111 | J14: =MIN(J$2-32,$C14)/J$2 -> 0.25925926 | K14: =MIN(K$2-32,$C14)/K$2 -> 0.175 | L14: Prod measured
A15: You (signed in) | B15: /you | C15: 768 | D15: Column; Your Pages as auto-fill tiles | E15: =MIN(E$2-32,$C15)/E$2 -> 0.91794872 | F15: =MIN(F$2-32,$C15)/F$2 -> 0.95833333 | G15: =MIN(G$2-32,$C15)/G$2 -> 0.75 | H15: =MIN(H$2-32,$C15)/H$2 -> 0.6 | I15: =MIN(I$2-32,$C15)/I$2 -> 0.53333333 | J15: =MIN(J$2-32,$C15)/J$2 -> 0.44444444 | K15: =MIN(K$2-32,$C15)/K$2 -> 0.3 | L15: Code
A16: Your shops | B16: /you/sell | C16: 768 | D16: Column; 3 buttons per row do not wrap (crush name at 375) | E16: =MIN(E$2-32,$C16)/E$2 -> 0.91794872 | F16: =MIN(F$2-32,$C16)/F$2 -> 0.95833333 | G16: =MIN(G$2-32,$C16)/G$2 -> 0.75 | H16: =MIN(H$2-32,$C16)/H$2 -> 0.6 | I16: =MIN(I$2-32,$C16)/I$2 -> 0.53333333 | J16: =MIN(J$2-32,$C16)/J$2 -> 0.44444444 | K16: =MIN(K$2-32,$C16)/K$2 -> 0.3 | L16: Code
A17: Following (manage) | B17: /you/following | C17: 672 | D17: Column | E17: =MIN(E$2-32,$C17)/E$2 -> 0.91794872 | F17: =MIN(F$2-32,$C17)/F$2 -> 0.875 | G17: =MIN(G$2-32,$C17)/G$2 -> 0.65625 | H17: =MIN(H$2-32,$C17)/H$2 -> 0.525 | I17: =MIN(I$2-32,$C17)/I$2 -> 0.46666667 | J17: =MIN(J$2-32,$C17)/J$2 -> 0.38888889 | K17: =MIN(K$2-32,$C17)/K$2 -> 0.2625 | L17: Code
... A22: Area (scope) sheet | B22: sheet on /explore | C22: 448 | D22: Bottom sheet on phone; centred 448px modal at sm+ | E22: =MIN(E$2-32,$C22)/E$2 -> 0.91794872 | F22: =MIN(F$2-32,$C22)/F$2 -> 0.58333333 | G22: =MIN(G$2-32,$C22)/G$2 -> 0.4375 | H22: =MIN(H$2-32,$C22)/H$2 -> 0.35 | I22: =MIN(I$2-32,$C22)/I$2 -> 0.31111111 | J22: =MIN(J$2-32,$C22)/J$2 -> 0.25925926 | K22: =MIN(K$2-32,$C22)/K$2 -> 0.175 | L22: Code
A24: Reading it: under ~60% at 15–16" means most of the screen is empty margin. Max widths from code (max-w-*); prod measurement confirms Explore, Page, Join, auth and You (signed out). Assumes 16px side padding.

Sheet Top problems
A1: Problem | B1: Detail and evidence | C1: Where | D1: Source
A2: No wide layout anywhere | B2: lg:/xl:/2xl: are used 0 times; 105 of 126 .tsx files have no responsive prefix; content pages are single columns of 384–768px, so at 15–16" a Page uses ~53% of the width and at 27" ~30%. | C2: All content pages | D2: Code + prod measured
A3: Explore: List/Map toggle scrolls away and moves | B3: Toggle is inline after result card 4, not sticky (prod: 1769px down at 390, 586px down at 1440); in map view it sits under the map (BrowseSurface.tsx:50,256,276). | C3: /explore | D3: Code + prod measured
A4: Explore: header and grid on different widths | B4: Search/area bar capped at 1024px but the grid is uncapped: 5 columns at 1440, 7 at 1920; list and map never side by side; "7 results in Sacramento…" then "7 results" again; no h1. | C4: /explore | D4: Prod measured
A5: Create goes in a circle | B5: Nav Create → /you/sell, which sends anyone without an active Page back to /you; the empty state there says "Tap Create"; the entry that works is labelled "Sell". Same flow called Create / Sell / Page / shop. | C5: /you, /you/sell, nav | D5: Code
A6: Nav differs by size and never hides | B6: Phone order Explore · Create · You; desktop order Explore · You · Create + Sign in. Nav shows on auth, onboarding, admin and inside wizards; desktop nav links are 20px tall. | C6: Global | D6: Prod measured
A7: Sign-in asked for in many words | B7: "Sign in", "Sign in to follow", "Sign up to see what's happening", "Sign up as a vendor", "Already a member? Log in" — all go to /auth/login; /auth/signup redirects there; 3 sign-in surfaces (AuthGateModal, unused SignInPrompt, page). /auth/login doesn't forward signed-in users. | C7: /explore, /g, /join, /you | D7: Code + prod
A8: /you is three overlapping views | B8: Following summary strip plus a Following tab that always says "Nothing followed yet"; Saved tab always empty; Settings and Sign out hidden in a third tab, Sign out also in the badge; profile link → /onboarding which bounces to /. | C8: /you | D8: Code
A9: No shared page shell | B9: No not-found/error/loading files (default Next 404 in prod); every page title is just "SocialUs" (prod); h1 in 5 sizes, no page header component; 12 different max-widths. | C9: Global | D9: Code + prod
A10: Create and edit a Page don't match | B10: Name/Brand/Title, About/Description, Anchor Location/Address; links as URLs when creating, handles when editing; tags not editable and dropped on resume; Save scrolls away while "Done" sits beside it with equal weight and drops changes. | C10: Sell walkthrough, /g/[handle]/edit | D10: Code
A11: Dead ends and leftovers visible | B11: Products on a Page are plain text (no link to item pages, prod); /p/[place] shows placeholder text publicly; "Where is this made?" step has no input; /you signed out says "follow vendors" (prod); /following page is shadowed by a redirect and links to /vendors/*. | C11: Several | D11: Code + prod
A12: (Owner Page) | B12: Owner sees Follow + Report on own Page; tools in four places — see owner-page-spec.md. | C12: /g/[handle] owner | D12: Prior review

Sheet Shared UI
A1: Group | B1: Piece | C1: File | D1: Used by (files) | E1: Variants | F1: Token use | G1: Notes
A2: badges | B2: ExampleCard label badge | C2: components/cards/ExampleCard.tsx:57 | D2: 1 | F2: bg-fg/80 text-[11px]
A3: badges | B3: Filter active dot | C3: components/explore/ExploreSearchBar.tsx:112 | D3: 1 | F3: accent
A4: badges | B4: OwnershipBadge | C4: components/OwnershipBadge.tsx | D4: 0 | F4: lib/map-config hex | G4: ORPHAN; ignores ownership tokens.
A5: badges | B5: RecruitmentGrid badges | C5: components/RecruitmentGrid.tsx:100,123 | D5: 1 | F5: amber + text-[10px] | G5: Orphan.
A6: badges | B6: Sparkline | C6: components/Sparkline.tsx | D6: 0 | G6: ORPHAN.
A7: badges | B7: StatusDot | C7: components/cards/StatusDot.tsx | D7: 1 | F7: hex prop
A8: banners/notices/toasts | B8: Error text | C8: many | D8: 21 | E8: text-red-600 / red-500 / red-700 / var(--color-danger,#b00) | F8: raw palette + undefined var | G8: No danger token.
A9: banners/notices/toasts | B9: HiddenPhotoNotice | C9: components/group/HiddenPhotoNotice.tsx | D9: 1 | F9: tokens
A10: banners/notices/toasts | B10: Inline toasts (x5) | C10: components/sell/SellCta.tsx:195; components/sell/Add*Button.tsx:71/76; components/group/ReportControl.tsx:87 | D10: 5 | E10: neutral-900 / charcoal-700; bottom-4 / bottom-20 | F10: rolls own | G10: Toast re-implemented 5x.
A11: banners/notices/toasts | B11: LocallyOwnedClaim | C11: components/group/LocallyOwnedClaim.tsx | D11: 1 | F11: btn recipes
A12: banners/notices/toasts | B12: MakeThisYoursBanner | C12: components/feed/MakeThisYoursBanner.tsx | D12: 2 | F12: .card + btn-primary
A13: banners/notices/toasts | B13: PostingSafetyNote | C13: components/PostingSafetyNote.tsx | D13: 6 | F13: fg-muted
A14: banners/notices/toasts | B14: Toast | C14: components/Toast.tsx | D14: 1 | F14: bg-zinc-800, bottom-20 | G14: Only legacy FollowButton.
A15: buttons | B15: .btn-primary (recipe) | C15: app/globals.css | D15: 22 | E15: single; accent fill, rounded-xl(0.75rem), px-5 py-3 text-sm medium | F15: recipe | G15: 29 uses/22 files. ~21 other accent buttons roll their own.
A16: buttons | B16: .btn-secondary (recipe) | C16: app/globals.css | D16: 16 | E16: single; white + border | F16: recipe | G16: 20 uses/16 files.
A17: buttons | B17: Ad-hoc accent pill CTA | C17: app/join/page.tsx:65,123; components/auth/EmailFirstSignup.tsx:229,275; components/auth/MagicLinkForm.tsx:90; app/you/page.tsx:270; components/follows/FollowingManager.tsx:175; components/AuthCtaButtons.tsx:97,116; components/HomeFeed.tsx:179 | D17: 7 | E17: rounded-full px-4..6 py-2..3 text-sm|base medium|semibold | F17: rolls own (arbitrary var tokens) | G17: Duplicates .btn-primary with rounded-full instead of rounded-xl.
A18: buttons | B18: Ad-hoc accent small CTA | C18: components/group/WithheldPagePosts.tsx:62; components/browse/WithheldAnnouncementCard.tsx:86; components/RecruitmentGrid.tsx:111,148; app/following/page.tsx:93 | D18: 5 | E18: rounded-lg/rounded-md, px-3 py-1.5 text-xs|[11px] | F18: rolls own | G18: No small size of btn-primary, so each re-invents one.
A19: buttons | B19: AddProductButton / AddServiceButton / AddGatheringButton | C19: components/sell/Add{Product,Service,Gathering}Button.tsx | D19: 1 | E19: btn-secondary trigger + inline neutral-900 toast | F19: recipe + raw palette | G19: Three near-identical files incl. duplicated inline toast.
A20: buttons | B20: AddToCalendarLink | C20: components/calendar/AddToCalendarLink.tsx | D20: 2 | E20: link | F20: tokens
A21: buttons | B21: AuthButton | C21: components/AuthButton.tsx | D21: 0 | E21: btn-primary/btn-secondary | F21: recipe | G21: ORPHAN.
A22: buttons | B22: AuthCtaButtons | C22: components/AuthCtaButtons.tsx | D22: 1 | E22: compact/full | F22: rolls own accent pill | G22: Only used by orphan HomeFeed.
A23: buttons | B23: Charcoal full-width sheet CTA | C23: components/explore/ExploreFilterSheet.tsx:203; components/group/ReportSheet.tsx:166; components/metro/MetroStandingDialog.tsx:87; components/metro/MetroWaitlistStep.tsx:77,138 | D23: 4 | E23: w-full rounded-full bg-charcoal-700 py-3 text-sm semibold white | F23: rolls own | G23: Contradicts globals.css 'Charcoal ... never a CTA fill'.
A24: buttons | B24: FollowButton | C24: components/FollowButton.tsx | D24: 1 | E24: following/not | F24: rolls own (accent var) | G24: Legacy /following only. One of four follow buttons.
A25: buttons | B25: FollowMemberButton | C25: components/member/FollowMemberButton.tsx | D25: 1 | E25: btn-primary/btn-secondary | F25: recipe; error text-red-600 | G25: Near-identical to FollowVenueButton.
A26: buttons | B26: FollowPageButton | C26: components/group/FollowPageButton.tsx | D26: 1 | E26: signin link / toggle | F26: btn-primary + custom | G26: Duplicates Follow{Member,Venue}Button.
A27: buttons | B27: FollowVenueButton | C27: components/venue/FollowVenueButton.tsx | D27: 1 | E27: btn-primary/btn-secondary | F27: recipe; error text-red-600 | G27: Copy of FollowMemberButton.
A28: buttons | B28: Icon button (circle) | C28: components/explore/ExploreSearchBar.tsx:95,105; components/group/ReportSheet.tsx:124; components/explore/ExploreFilterSheet.tsx:134 | D28: 3 | E28: h-11 w-11 vs h-9 w-9 | F28: rolls own; hover:bg-neutral-100 | G28: Modal closes elsewhere are bare p-1 icons (AuthGateModal, AddEntityDrawer, MarketSelector) under 44px.
A29: buttons | B29: ShareLinkButton | C29: components/item/ShareLinkButton.tsx | D29: 1 | E29: btn-secondary | F29: recipe
A30: buttons | B30: SupportButton | C30: components/SupportButton.tsx | D30: 0 | E30: red-50/red-100 toggle | F30: raw palette | G30: ORPHAN.
A31: cards | B31: .card / .card-hover (recipe) | C31: app/globals.css | D31: 16 | E31: card, card-hover(lift) | F31: recipe | G31: bg-white rounded-xl. 18 uses/16 files.
A32: cards | B32: AnnouncementCard | C32: components/cards/AnnouncementCard.tsx | D32: 1 | F32: tokens via Card | G32: Gallery only.
A33: cards | B33: BrowseResultCard | C33: components/browse/BrowseResultCard.tsx | D33: 2 | E33: page / withheld announcement | F33: recipe
A34: cards | B34: Card | C34: components/cards/Card.tsx | D34: 5 | E34: interactive; as div|article|section|li | F34: recipe | G34: Used only inside components/cards + WithheldAnnouncementCard; feature cards bypass it.
A35: cards | B35: CardGrid | C35: components/cards/CardGrid.tsx | D35: 4 | F35: tokens
A36: cards | B36: EventCard | C36: components/EventCard.tsx | D36: 1 | F36: card-hover + amber gradient + text-[11px] | G36: Only in orphan HomeFeed.
A37: cards | B37: ExampleCard / ExampleBlock | C37: components/cards/ExampleCard.tsx; components/cards/ExampleBlock.tsx | D37: 2 | F37: tokens; inline style var(--color-surface) | G37: Used by MetroNotCoveredPanel.
A38: cards | B38: FollowCard | C38: components/follows/FollowCard.tsx | D38: 1 | F38: card-hover
A39: cards | B39: ItemFeedCard | C39: components/feed/ItemFeedCard.tsx | D39: 2 | F39: .card + card-hover | G39: LocalityFeed (paused) and VenuePublicPage.
A40: cards | B40: MarketSelector option card | C40: components/MarketSelector.tsx:86 | D40: 1 | E40: selected/unselected | F40: raw neutral | G40: Own card style.
A41: cards | B41: MetricTile | C41: components/cards/MetricTile.tsx | D41: 1 | F41: tokens via Card | G41: Gallery only.
A42: cards | B42: PageDetailCard | C42: components/group/PageDetailCard.tsx | D42: 1 | F42: raw neutral + arbitrary shadow | G42: Really a bottom sheet; only in orphan Map.
A43: cards | B43: RecruitmentGrid tiles | C43: components/RecruitmentGrid.tsx | D43: 1 | E43: small/featured | F43: raw amber + text-[10/11px] | G43: Orphan via HomeFeed.
A44: cards | B44: TileCard | C44: components/cards/TileCard.tsx | D44: 3 | E44: image/initial tile | F44: tokens via Card | G44: BrowseResultCard, OwnPages, gallery.
A45: cards | B45: WithheldAnnouncementCard | C45: components/browse/WithheldAnnouncementCard.tsx | D45: 1 | F45: Card + ad-hoc accent button
A46: chips/pills | B46: .chip / .chip-selected (recipe) | C46: app/globals.css | D46: 6 | E46: chip, chip-selected | F46: recipe | G46: chip 6 files, chip-selected 2.
A47: chips/pills | B47: Explore scope trigger | C47: components/explore/ExploreSearchBar.tsx:78 | D47: 1 | F47: rolls own pill | G47: Opens ScopeSheet.
A48: chips/pills | B48: FilterSheet option pill | C48: components/explore/ExploreFilterSheet.tsx:237 | D48: 1 | E48: checked charcoal-700 | F48: rolls own | G48: Reimplements chip with charcoal-700 instead of fg.
A49: chips/pills | B49: ListMapToggle segment | C49: components/explore/ListMapToggle.tsx:81 | D49: 1 | E49: active charcoal-700 | F49: rolls own | G49: Another chip-selected variant.
A50: chips/pills | B50: MarketPill | C50: components/MarketPill.tsx | D50: 0 | F50: raw neutral-100/200/800 | G50: ORPHAN.
A51: chips/pills | B51: Metro/Sell option pills | C51: components/metro/MetroWaitlistStep.tsx:175; components/sell/SellWalkthrough.tsx:198 | D51: 2 | E51: selected charcoal-700 | F51: rolls own
A52: chips/pills | B52: ScopePicker | C52: components/feed/ScopePicker.tsx | D52: 1 | E52: <select> styled .chip | F52: recipe | G52: Paused LocalityFeed only.
A53: chips/pills | B53: You/HomeFeed tab pills | C53: app/you/page.tsx:182; components/HomeFeed.tsx:152 | D53: 2 | E53: active bg-accent | F53: rolls own | G53: Selected = accent here, charcoal-700 in Explore, fg in .chip-selected.
A54: empty states | B54: FeedEmptyState | C54: components/feed/FeedEmptyState.tsx | D54: 1 | F54: .card + btn-secondary | G54: Only shared empty state; paused feed only.
A55: empty states | B55: Inline empty states | C55: app/following/page.tsx:89; app/you/page.tsx:270; components/follows/FollowingManager.tsx:175; components/explore/MetroNotCoveredPanel.tsx; components/HomeFeed.tsx:179 | D55: 5 | F55: rolls own accent CTA
A56: forms/inputs | B56: .input (recipe) | C56: app/globals.css | D56: 15 | E56: single | F56: recipe | G56: 47 uses/15 files. Border uses --color-border not --color-control-border.
A57: forms/inputs | B57: Ad-hoc textarea/inputs | C57: components/group/ReportSheet.tsx:148; components/admin/MarketForm.tsx; components/CategoryInput.tsx | D57: 3 | E57: rounded-xl border-control-border | F57: rolls own
A58: forms/inputs | B58: AnnouncementFields | C58: components/group/AnnouncementFields.tsx | D58: 1 | F58: .input
A59: forms/inputs | B59: Area pickers: ScopeSheet vs MarketSelector vs ScopePicker vs MarketPill | C59: components/explore/ScopeSheet.tsx; components/MarketSelector.tsx; components/feed/ScopePicker.tsx; components/MarketPill.tsx | D59: 4 | F59: mixed | G59: Four components for one job.
A60: forms/inputs | B60: AudienceSwitch | C60: components/group/AudienceSwitch.tsx | D60: 1 | E60: toggle | F60: accent / control-border
A61: forms/inputs | B61: ExploreSearchBar | C61: components/explore/ExploreSearchBar.tsx | D61: 1 | E61: sticky bar: scope pill + search + filter | F61: charcoal tokens, neutral-100/400 | G61: Live.
A62: forms/inputs | B62: LocationPlaceFields | C62: components/locations/LocationPlaceFields.tsx | D62: 6 | F62: .input + undefined --color-danger
A63: forms/inputs | B63: PagePhotoPicker | C63: components/media/PagePhotoPicker.tsx | D63: 2 | F63: btn-secondary + --color-danger,#b00
A64: forms/inputs | B64: PillarSelector / OwnershipSelector / CategoryInput | C64: components/PillarSelector.tsx; components/OwnershipSelector.tsx; components/CategoryInput.tsx | D64: 0 | F64: raw zinc + dark: | G64: All orphaned.
A65: forms/inputs | B65: SearchBar | C65: components/SearchBar.tsx | D65: 1 | E65: floating map search | F65: tokens + arbitrary shadow | G65: Only in orphan Map; duplicates ExploreSearchBar.
A66: forms/inputs | B66: SocialHandleFields / SocialLinksFields | C66: components/group/SocialHandleFields.tsx; components/group/SocialLinksFields.tsx | D66: 1 | F66: .input + --color-danger,#b00 | G66: Near-duplicates.
A67: headers/page titles | B67: (no shared PageHeader) | C67: app/**/page.tsx | D67: 0 | E67: h1 text-lg / xl / 2xl / 4xl / 5xl | F67: mixed | G67: 5 h1 sizes; app/following and app/you switch xl vs 2xl between branches.
A68: headers/page titles | B68: OwnerBar | C68: components/group/OwnerBar.tsx | D68: 1 | F68: btn recipes + press
A69: maps | B69: BrowseMap | C69: components/browse/BrowseMap.tsx | D69: 1 | E69: dynamic import | F69: inline cssText pin + rgba shadow | G69: Live map.
A70: maps | B70: Map | C70: components/Map.tsx | D70: 0 | E70: clusters, pins | F70: hex #374151, dark:zinc | G70: ORPHAN; drags SearchBar + PageDetailCard.
A71: maps | B71: MapPreview | C71: components/MapPreview.tsx | D71: 0 | F71: rgba shadow | G71: ORPHAN.
A72: nav | B72: BottomNav | C72: components/BottomNav.tsx | D72: 1 | E72: mobile tab bar, hides on scroll | F72: nav-* tokens, text-[9px], gap-[3px], max-w-[420px] | G72: h-11 hardcodes --nav-height.
A73: nav | B73: NavYouBadge / YouBadge / PersonMark | C73: components/NavYouBadge.tsx; components/YouBadge.tsx; components/PersonMark.tsx | D73: 2 | E73: avatar mark | F73: charcoal tokens
A74: nav | B74: PlaceBreadcrumb | C74: components/place-breadcrumb.tsx | D74: 1 | F74: text-blue-600 | G74: Only blue in app.
A75: nav | B75: TopNavDesktop | C75: components/BottomNav.tsx:133 | D75: 1 | E75: md+ only, h-14 | F75: border-neutral-200, text-neutral-600/900 | G75: Raw neutral where BottomNav uses nav tokens.
A76: sheets/modals | B76: AddEntityDrawer | C76: components/composer/AddEntityDrawer.tsx | D76: 4 | E76: bottom -> md: centred, z-[60] | F76: raw neutral, red-600, text-[22px], shadow-lg
A77: sheets/modals | B77: AuthGateModal | C77: components/AuthGateModal.tsx | D77: 1 | E77: bottom -> md: centred | F77: raw neutral, bg-black/40, no shadow | G77: Legacy /following only.
A78: sheets/modals | B78: ExploreFilterSheet | C78: components/explore/ExploreFilterSheet.tsx | D78: 1 | E78: bottom -> md: right panel | F78: charcoal tokens, shadow-[0_-8px_24px] | G78: Header/body/footer chrome.
A79: sheets/modals | B79: MarketSelector | C79: components/MarketSelector.tsx | D79: 2 | E79: bottom -> md: centred max-w-lg | F79: raw neutral, bg-black/40 | G79: Overlaps ScopeSheet job.
A80: sheets/modals | B80: MetroStandingDialog | C80: components/metro/MetroStandingDialog.tsx | D80: 2 | E80: centred dialog | F80: shadow-[0_8px_32px]
A81: sheets/modals | B81: MultiStepComposer | C81: components/composer/MultiStepComposer.tsx | D81: 5 | E81: bottom -> md: centred max-w-lg | F81: raw neutral, red-600 | G81: Shell for all sell composers.
A82: sheets/modals | B82: PageOverflowMenu | C82: components/group/PageOverflowMenu.tsx | D82: 1 | E82: dropdown | F82: charcoal-100 + shadow-[0_8px_24px]
A83: sheets/modals | B83: ReportForm | C83: components/ReportForm.tsx | D83: 0 | E83: bottom sheet, bg-black/50 | F83: raw zinc + dark: | G83: ORPHAN; superseded by ReportSheet.
A84: sheets/modals | B84: ReportSheet | C84: components/group/ReportSheet.tsx | D84: 1 | E84: bottom -> md: centred | F84: same as FilterSheet | G84: Copy of FilterSheet chrome.
A85: sheets/modals | B85: ScopeSheet | C85: components/explore/ScopeSheet.tsx | D85: 1 | E85: bottom -> sm: centred | F85: arbitrary shadow, bg-black/30 | G85: Switches at sm:.
A86: sheets/modals | B86: SignInPrompt | C86: components/auth/SignInPrompt.tsx | D86: 0 | E86: bottom -> sm: centred | F86: tokens + arbitrary shadow | G86: ORPHAN; duplicates AuthGateModal.

Sheet Tokens
A1: Category | B1: Token | C1: Value | D1: Defined in | E1: Usage count | F1: Notes
A2: color | B2: --color-bg | C2: #ffffff | D2: app/globals.css @theme inline | E2: 1 | F2: utility form (bg-bg, text-bg...) used 0x; arbitrary var form used 1x {'bg': 1}; total var(--color-bg) refs 1
A3: color | B3: --color-surface | C3: #f7f6f2 | D3: app/globals.css @theme inline | E3: 13 | F3: utility form (bg-surface, text-surface...) used 0x; arbitrary var form used 12x {'bg': 12}; total var(--color-surface) refs 13
A4: color | B4: --color-fg | C4: #1a1a1a | D4: app/globals.css @theme inline | E4: 100 | F4: utility form (bg-fg, text-fg...) used 0x; arbitrary var form used 100x {'text': 97, 'bg': 3}; total var(--color-fg) refs 100
A5: color | B5: --color-fg-muted | C5: #6b6b6b | D5: app/globals.css @theme inline | E5: 86 | F5: utility form (bg-fg-muted, text-fg-muted...) used 0x; arbitrary var form used 86x {'text': 86}; total var(--color-fg-muted) refs 86
A6: color | B6: --color-border | C6: #e5e3dd | D6: app/globals.css @theme inline | E6: 13 | F6: utility form (bg-border, text-border...) used 0x; arbitrary var form used 13x {'border': 11, 'ring': 2}; total var(--color-border) refs 13
A7: color | B7: --color-charcoal | C7: #3c3c3c | D7: app/globals.css @theme inline | E7: 1 | F7: utility form (bg-charcoal, text-charcoal...) used 0x; arbitrary var form used 1x {'text': 1}; total var(--color-charcoal) refs 1
A8: color | B8: --color-charcoal-900 | C8: #2b2b2b | D8: app/globals.css @theme inline | E8: 41 | F8: utility form (bg-charcoal-900, text-charcoal-900...) used 0x; arbitrary var form used 41x {'text': 41}; total var(--color-charcoal-900) refs 41
A9: color | B9: --color-charcoal-700 | C9: #3c3c3c | D9: app/globals.css @theme inline | E9: 11 | F9: utility form (bg-charcoal-700, text-charcoal-700...) used 0x; arbitrary var form used 11x {'bg': 11}; total var(--color-charcoal-700) refs 11; same value as --color-charcoal (redundant)
A10: color | B10: --color-charcoal-100 | C10: #e8e8e8 | D10: app/globals.css @theme inline | E10: 14 | F10: utility form (bg-charcoal-100, text-charcoal-100...) used 0x; arbitrary var form used 14x {'bg': 1, 'border': 13}; total var(--color-charcoal-100) refs 14
A11: color | B11: --color-control-border | C11: #8a8a8a | D11: app/globals.css @theme inline | E11: 8 | F11: utility form (bg-control-border, text-control-border...) used 0x; arbitrary var form used 8x {'bg': 1, 'border': 7}; total var(--color-control-border) refs 8; .input recipe ignores it (uses --color-border)
A12: color | B12: --color-nav-inactive | C12: #717171 | D12: app/globals.css @theme inline | E12: 2 | F12: utility form (bg-nav-inactive, text-nav-inactive...) used 0x; arbitrary var form used 2x {'text': 2}; total var(--color-nav-inactive) refs 2
A13: color | B13: --color-nav-border | C13: #ebebeb | D13: app/globals.css @theme inline | E13: 1 | F13: utility form (bg-nav-border, text-nav-border...) used 0x; arbitrary var form used 1x {'border': 1}; total var(--color-nav-border) refs 1
... A32: radius | B32: rounded-full | C32: 9999px | D32: tailwindcss | E32: 79 | F32: 45 files
A33: shadow | B33: --shadow-sm | C33: 0 1px 2px rgba(0,0,0,.04) | D33: app/globals.css | E33: 4
A34: shadow | B34: --shadow-md | C34: 0 6px 16px rgba(0,0,0,.12) | D34: app/globals.css | E34: 1 | F34: Same value re-typed as shadow-[0_6px_16px_rgba(0,0,0,0.12)] 2x and as --lift-shadow; mirrored shadow-[0_-6px_16px..] 3x
A35: shadow | B35: --shadow-lg | C35: 0 12px 32px rgba(0,0,0,.16) | D35: app/globals.css | E35: 12 | F35: Plus near-miss arbitraries 0_8px_24px, 0_-8px_24px x2, 0_8px_32px
A36: shadow | B36: shadow (bare TW default) | C36: TW default | D36: tailwindcss | E36: 10 | F36: 2 files
A37: layout | B37: --nav-height | C37: 44px | D37: app/globals.css :root | E37: 1 | F37: Only BrowseSurface uses it; BottomNav h-11, HomeFeed calc(64px+..), 12x pb-24, 3x bottom-20 are ad-hoc
A38: motion | B38: lift | C38: @utility | D38: app/globals.css | E38: 4 | F38: Only via .card-hover
A39: motion | B39: press | C39: @utility | D39: app/globals.css | E39: 19 | F39: 10 files + inside btn/chip recipes
A40: motion | B40: nudge | C40: @utility | D40: app/globals.css | E40: 2 | F40: Only ScopeSheet
A41: motion | B41: reacts | C41: @utility | D41: app/globals.css | E41: 7 | F41: ExploreSearchBar, ListMapToggle, OwnerBar
A42: recipe | B42: .btn-primary | D42: app/globals.css | E42: 29 | F42: 22 files
A43: recipe | B43: .btn-secondary | D43: app/globals.css | E43: 20 | F43: 16 files
A44: recipe | B44: .input | D44: app/globals.css | E44: 47 | F44: 15 files; background #fff literal
A45: recipe | B45: .card | D45: app/globals.css | E45: 18 | F45: 16 files; bg-white not bg-bg
A46: recipe | B46: .chip / .chip-selected | D46: app/globals.css | E46: 8 | F46: chip 6, chip-selected 2; 5+ hand-rolled chip variants
A48: Findings
B49: Token colour UTILITIES (bg-accent, text-fg-muted, border-border...) are used 0x; all 396 token refs use verbose x-[var(--color-*)] (text-fg 97, text-fg-muted 86, text-accent 49, text-charcoal-900 41, bg-accent 21).
B50: Raw Tailwind palette: 348 uses across 73 files ({'neutral': 251, 'red': 25, 'amber': 12, 'gray': 37, 'zinc': 22, 'blue': 1}) — neutral-* is a parallel grey system to fg/fg-muted/border.
B51: bg-white 54x / text-white 38x / bg-black scrims 12x at 4 opacities (20/30/40/50); bg-bg never used.
B52: --color-danger undefined but referenced 5x (4 with #b00 fallback, LocationPlaceFields:226 none); errors otherwise text-red-600 21x + red-500/700.
B53: 6 ownership tokens never used; lib/map-config.ts redeclares same hex; lib/categories.ts has 9 pin hexes with no tokens; Map.tsx #374151.
B54: Radius scale inverted by @theme override: rounded-lg=1rem > rounded-xl=0.75rem; .input rounded-lg vs .btn/.card rounded-xl; rounded-md(3)==rounded-xl(35); rounded-lg(26)==rounded-2xl(25); bare rounded 0.25rem 22x; rounded-full 79x.
B55: Charcoal-700 used as CTA fill on 5 sheet buttons + 1 toast and as selected state on 4 pills, contradicting globals.css; selected state has 3 colours (fg/.chip-selected, charcoal-700, accent).
B56: Shadows: 9 arbitrary shadow-[...] (5 distinct) + map-pin rgba literals, mostly re-typing --shadow-md/lg.
B57: Type: text-sm 350, text-xs 96; arbitrary px sizes 9/10/11/13/15/17/22/26 (27 uses); h1 uses 5 sizes with no PageHeader.
B58: Weights: font-medium 142 vs font-semibold 121 used interchangeably for buttons.
B59: Breakpoints: sm: 9, md: ~90, lg:/xl:/2xl: 0. 105 of 126 .tsx files have no responsive prefix, incl. whole screens (shop page, item pages, member profile, You>Sell, composers' content, auth, onboarding, admin, Explore page wrapper).
B60: Same sheet pattern switches at sm: (ScopeSheet, SignInPrompt) vs md: (FilterSheet, ReportSheet, AddEntityDrawer, MultiStepComposer, MarketSelector, AuthGateModal).
... B68: Redundant tokens: --color-charcoal == --color-charcoal-700; --color-background/--color-foreground duplicate bg/fg.

Sheet Token usage
A1: Category | B1: Value | C1: Count | D1: Files
A2: arbitrary-size | B2: min-h-[44px] | C2: 11 | D2: app/g/[handle]/edit/EditPageForm.tsx, components/group/AnnouncementFields.tsx, components/locations/LocationPlaceFields.tsx, components/sell/SellWalkthrough.tsx
A3: arbitrary-size | B3: min-h-[2.5rem] | C3: 5 | D3: components/browse/WithheldAnnouncementCard.tsx, components/cards/ExampleCard.tsx, components/cards/TileCard.tsx
A4: arbitrary-size | B4: max-h-[70vh] | C4: 3 | D4: components/explore/ExploreFilterSheet.tsx, components/group/PageDetailCard.tsx, components/group/ReportSheet.tsx
A5: arbitrary-size | B5: min-h-[5rem] | C5: 3 | D5: components/sell/GatheringComposer.tsx, components/sell/ProductComposer.tsx, components/sell/ServiceComposer.tsx
A6: arbitrary-size | B6: min-h-[6rem] | C6: 2 | D6: app/(dev)/composer-demo/page.tsx, components/sell/SellWalkthrough.tsx
A7: arbitrary-size | B7: max-h-[85vh] | C7: 2 | D7: components/MarketSelector.tsx, components/ReportForm.tsx
A8: arbitrary-size | B8: min-h-[1.25rem] | C8: 2 | D8: components/cards/ExampleCard.tsx, components/cards/TileCard.tsx
A9: arbitrary-size | B9: max-h-[90vh] | C9: 2 | D9: components/composer/AddEntityDrawer.tsx, components/composer/MultiStepComposer.tsx
A10: arbitrary-size | B10: h-[70vh] | C10: 1 | D10: components/browse/BrowseSurface.tsx
A11: arbitrary-size | B11: w-[min(78vw,20rem)] | C11: 1 | D11: components/browse/FollowingRow.tsx
A12: arbitrary-size | B12: min-h-[3.75rem] | C12: 1 | D12: components/browse/WithheldAnnouncementCard.tsx
A13: arbitrary-size | B13: min-w-[5rem] | C13: 1 | D13: components/composer/MultiStepComposer.tsx
... A270: z-index | B270: z-10..z-[60] | C270: 30 | D270: z-10:5 z-20:2 z-30:3 z-40:7 z-50:12 z-[60]:1 (AddEntityDrawer)

Sheet Breakpoints
A1: File | B1: sm: (640) | C1: md: (768) | D1: lg: (1024) | E1: xl: (1280) | F1: 2xl: (1536) | G1: Any?
A2: app/(dev)/add-entity-demo/page.tsx | B2: 0 | C2: 0 | D2: 0 | E2: 0 | F2: 0 | G2: =IF(SUM(B2:F2)>0,"yes","no") -> no
A3: app/(dev)/card-gallery/page.tsx | B3: 0 | C3: 0 | D3: 0 | E3: 0 | F3: 0 | G3: =IF(SUM(B3:F3)>0,"yes","no") -> no
A4: app/(dev)/composer-demo/page.tsx | B4: 0 | C4: 0 | D4: 0 | E4: 0 | F4: 0 | G4: =IF(SUM(B4:F4)>0,"yes","no") -> no
A5: app/(dev)/layout.tsx | B5: 0 | C5: 0 | D5: 0 | E5: 0 | F5: 0 | G5: =IF(SUM(B5:F5)>0,"yes","no") -> no
A6: app/admin/reports/ReportEntry.tsx | B6: 0 | C6: 0 | D6: 0 | E6: 0 | F6: 0 | G6: =IF(SUM(B6:F6)>0,"yes","no") -> no
A7: app/admin/reports/page.tsx | B7: 0 | C7: 0 | D7: 0 | E7: 0 | F7: 0 | G7: =IF(SUM(B7:F7)>0,"yes","no") -> no
A8: app/auth/layout.tsx | B8: 0 | C8: 0 | D8: 0 | E8: 0 | F8: 0 | G8: =IF(SUM(B8:F8)>0,"yes","no") -> no
A9: app/auth/login/page.tsx | B9: 0 | C9: 0 | D9: 0 | E9: 0 | F9: 0 | G9: =IF(SUM(B9:F9)>0,"yes","no") -> no
A10: app/auth/password/page.tsx | B10: 0 | C10: 0 | D10: 0 | E10: 0 | F10: 0 | G10: =IF(SUM(B10:F10)>0,"yes","no") -> no
A11: app/auth/signup/page.tsx | B11: 0 | C11: 0 | D11: 0 | E11: 0 | F11: 0 | G11: =IF(SUM(B11:F11)>0,"yes","no") -> no
A12: app/explore/page.tsx | B12: 0 | C12: 0 | D12: 0 | E12: 0 | F12: 0 | G12: =IF(SUM(B12:F12)>0,"yes","no") -> no
A13: app/following/page.tsx | B13: 0 | C13: 4 | D13: 0 | E13: 0 | F13: 0 | G13: =IF(SUM(B13:F13)>0,"yes","no") -> yes
... A127: components/venue/VenuePublicPage.tsx | B127: 1 | C127: 1 | D127: 0 | E127: 0 | F127: 0 | G127: =IF(SUM(B127:F127)>0,"yes","no") -> yes
A128: Total | B128: =SUM(B2:B127) -> 9 | C128: =SUM(C2:C127) -> 77 | D128: =SUM(D2:D127) -> 0 | E128: =SUM(E2:E127) -> 0 | F128: =SUM(F2:F127) -> 0 | G128: =COUNTIF(G2:G127,"no")&" files none" -> 105 files none

Sheet Deviations
A1: File:line | B1: Category | C1: Found | D1: Should be | E1: Screen
A2: app/(dev)/add-entity-demo/page.tsx:62 | B2: colour-raw-palette | C2: bg-neutral-100 | D2: bg-surface | E2: Dev demos
A3: app/(dev)/card-gallery/page.tsx:31 | B3: arbitrary-type | C3: text-[17px] | D3: text-xs/sm/base/lg/xl or add --text-2xs (10-11px) and a card-title size (17px) | E3: Dev demos
A4: app/(dev)/card-gallery/page.tsx:43 | B4: arbitrary-type | C4: text-[17px] | D4: text-xs/sm/base/lg/xl or add --text-2xs (10-11px) and a card-title size (17px) | E4: Dev demos
A5: app/(dev)/card-gallery/page.tsx:53 | B5: arbitrary-type | C5: text-[17px] | D5: text-xs/sm/base/lg/xl or add --text-2xs (10-11px) and a card-title size (17px) | E5: Dev demos
A6: app/(dev)/card-gallery/page.tsx:60 | B6: arbitrary-type | C6: text-[17px] | D6: text-xs/sm/base/lg/xl or add --text-2xs (10-11px) and a card-title size (17px) | E6: Dev demos
A7: app/(dev)/card-gallery/page.tsx:71 | B7: arbitrary-type | C7: text-[17px] | D7: text-xs/sm/base/lg/xl or add --text-2xs (10-11px) and a card-title size (17px) | E7: Dev demos
A8: app/(dev)/card-gallery/page.tsx:73 | B8: colour-hex | C8: <StatusDot color="#1b7a3d" label="Locally owned and operated" /> | D8: --color-ownership-* token | E8: Dev demos
A9: app/(dev)/card-gallery/page.tsx:74 | B9: colour-hex | C9: <StatusDot color="#0e6b2e" label="Worker or member owned" /> | D9: --color-ownership-* token | E9: Dev demos
A10: app/(dev)/card-gallery/page.tsx:75 | B10: colour-hex | C10: <StatusDot color="#b0b0b0" label="Competing against market consolidation" /> | D10: --color-ownership-* token | E10: Dev demos
A11: app/(dev)/card-gallery/page.tsx:78 | B11: arbitrary-type | C11: text-[17px] | D11: text-xs/sm/base/lg/xl or add --text-2xs (10-11px) and a card-title size (17px) | E11: Dev demos
A12: app/(dev)/composer-demo/page.tsx:117 | B12: colour-raw-palette | C12: bg-neutral-100 | D12: bg-surface | E12: Dev demos
... A638: components/AuthGateModal.tsx:37; components/composer/AddEntityDrawer.tsx:169; components/MarketSelector.tsx:125 | B638: touch-target | C638: close button p-1 (~24px) | D638: h-11 w-11 icon button | E638: Following (legacy)

Sheet Prod checks
A1: Route | B1: Widths checked (px) | C1: Result | D1: Notes
A2: / | B2: — | C2: 200 → /explore | D2: Root redirects
A3: /explore | B3: 360/390/768/1024/1280/1440/1920 | C3: 200 | D3: see Screens row; grid columns 1/3/4/5/5/7; toggle not sticky
A4: /following | B4: — | C4: → /auth/login?next=/you/following | D4: config redirect
A5: /join | B5: 390/1440 | C5: 200 | D5: 768px column
A6: /auth/login | B6: 390/1440 | C6: 200 | D6: 384px column, nav shown
A7: /auth/signup | B7: — | C7: → /auth/login
A8: /auth/password | B8: 390/1440 | C8: 200 | D8: 384px column
A9: /onboarding | B9: — | C9: → /auth/login?next=/onboarding
A10: /you | B10: 390/1440 | C10: 200 | D10: signed-out state, 448px, vendor copy
A11: /you/following | B11: — | C11: → login
A12: /you/sell | B12: — | C12: → login
A13: /admin/reports | B13: — | C13: 404 | D13: signed out
A14: /card-gallery, /composer-demo, /add-entity-demo | B14: — | C14: 404 | D14: dev gate
A15: /manage/x | B15: — | C15: 404
A16: /p/us, /p/us/ca | B16: — | C16: 404
A17: /g/the-good-loaf-tzsxja, /g/folsom-lake-floaters-… | B17: 390/1440/1920 | C17: 200 | D17: 768px column; products unlinked
A18: /g/nope-123, /m/nope, /does-not-exist | B18: 1440 | C18: 404 | D18: Next default 404
A19: /api/health/db | B19: — | C19: 200
A20: All pages | B20: — | C20: — | D20: <title> is "SocialUs" on every page
A21: Not reachable signed out | B21: — | C21: — | D21: /m/* member and item pages: no signed-out link path found from Explore or Pages; signed-in, owner and operator states need a sign-in
